-4.810633644978663,-15.857412195579844,-9.502679811897217,-11.50876194732476,-14.063075320287016,-8.632578030388672,4.63573700008909,-1.3170335898396708,-3.443524197550479,-0.449062025664556,4.877122087582771,6.8414304741119105,-9.555901876478117,-6.623473085680166,-3.990875652601086,-2.890786388657833,-6.066437205708251,-2.8552944747716227,-8.81688541795349,-5.6261311833710135,-6.38825546694871,-8.208713618914476,-9.872059324404974,-12.764005837579859
-5.1041770233282175,-16.27640632933483,-10.00426996148622,-11.502639353886702,-15.038701141793505,-8.835760536703393,1.7947132490383388,-3.0063756148653047,-5.1293753834606495,-2.9343415161212034,1.600545548844081,3.4315731731327097,-10.336638620090037,-8.200209872809975,-5.581207456674477,-5.222921547660833,-7.631436566612306,-4.426582091868601,-6.925140812011544,-4.984936018486076,-4.018935170778187,-5.2205315668602905,-6.0934084343178885,-9.598295052942476
-5.7216213126245465,-17.266609380944175,-10.944769816464497,-11.62933468046402,-16.794447569177002,-9.348621969307073,-1.9573921273188397,-6.2721811420345785,-7.9953212361230905,-6.514601569877444,-2.9141321358412684,-0.7833028972764238,-12.07100311571095,-11.271615283568002,-8.492631306970754,-9.013794197148293,-10.609400811037286,-7.674623585152725,-4.811497558153305,-4.0447984521567655,-1.6924479202907912,-3.0473743510116598,-3.2591540406931174,-7.022927440006832
-6.9726953328145305,-19.547431584233856,-12.583464263299337,-12.134143822323402,-19.41961684839079,-10.602384982337023,-7.475801589937781,-13.847064988939435,-13.14682320346404,-12.177035600024855,-10.52384886558947,-6.812579433826156,-15.140624020041713,-18.467491898596506,-14.134085943668923,-16.288810891895302,-17.096784506339123,-15.715062799348873,-2.667537016846453,-2.949182370111651,0.35896941427936246,-1.8336318441916686,-1.098789626118518,-5.087181667989165
-9.33798445602174,-22.007076202311584,-14.779169087002995,-13.54418999193842,-19.032441219923324,-13.692093485634786,-14.840829249327555,-14.592959364863457,-13.889584958752106,-16.11412331329891,-13.285741998965637,-19.27769776737883,-13.784973888590706,-18.80971142645633,-17.389072493820805,-18.695096563698645,-19.24582441706319,-14.817048002457527,-1.3797030878283474,-3.0906050069850117,0.7447316270924059,-2.7389369279023885,-0.5203646837557756,-4.762401799066382
-11.601592651613068,-14.489543381768364,-14.080253154656415,-16.47966368290321,-13.040148241793144,-19.727943621428643,-5.677621990965374,-4.6451346748983395,-5.343157197060583,-6.5110454160188,-2.877702558356477,-7.628089979973969,-7.178592100483621,-7.676704406557584,-7.995727202355986,-7.888600678525494,-8.434818405313642,-5.30414944948511,-5.878949834801174,-10.527934203536011,-6.179952246174652,-8.200116230080068,-6.1295162967014205,-7.6929198256846485
-7.979390200575841,-8.018203624207045,-9.323062197172904,-15.93315271480795,-7.369373006167877,-12.912659495696522,2.3035094536683665,0.12732057893073592,0.8750209047952145,1.471199979863345,4.420095847225403,0.42595816269217734,-1.6128369410388572,-0.2137283417202426,-1.2945865100295326,-0.8596778966541554,-1.5774242030364012,0.2819822226739004,-14.163172588546917,-15.887005757538779,-12.529352524254104,-6.820057153107278,-8.077964475511788,-6.105112334333946
-3.1449691679418796,-4.526774901904245,-4.166013766351267,-10.89996710983764,-3.3978738050728854,-6.335192109452025,10.971509536627732,2.7138945861770516,5.67071493228659,6.857628460389638,13.488882213187356,8.047248698833496,3.950390711829319,9.136204966435825,6.94996862082599,7.100310933686992,6.117547334937774,6.979718417042306,-6.136716175801905,-7.227289186450308,-4.460037010789809,-2.9529667645175084,-2.9570454780775957,-2.242646165167106
-1.3941618543655578,-2.8888475990540834,1.7907207108364789,-8.371879148961344,-3.595525580989443,-1.6056836079476924,9.42367214756764,3.2512767950132098,7.748681552095801,3.8838964869603942,22.495565107901093,10.049412370059978,7.594253876032154,2.432586828076801,7.433395296270001,12.32220170371043,10.033296848952297,1.961108747976047,-1.0445100326551653,-2.0966457880026503,-0.8427833914493648,-0.8131528091497909,0.17022912837497306,2.1344703835829177
-7.456260704816496,-4.980128573083767,0.7719689658468764,-10.030302407188898,-9.710750707756592,-3.1423658298325847,0.4438992685803087,1.6486912194252303,4.073646968504395,1.2874857252762884,10.761942260725295,8.216370978170326,-2.7568952130604045,-9.124987917990644,-6.3737289080405155,1.4236793063356554,-1.3417201825574496,-15.988532744314018,4.2870672373919785,2.6060592815127444,2.0264879949066064,0.8713866110532715,3.644596159303201,7.2475804116090305
-11.947470994885855,-14.225169057622972,-7.028335269732145,-15.33387183148575,-14.961094182533735,-13.977279706373423,-4.407343439532944,6.059676764042733,12.930878020041064,-6.44195684231323,-1.0046043526760133,14.308742387765056,-15.965980483302921,-14.321726789344329,-20.991698013748582,-9.310800263033874,-14.326715046995076,-7.17772181484489,1.1619504859437166,-0.7250105414579298,3.2133199334206353,1.117983051008466,6.458356491453254,-3.4776029604899916
-9.04707723334108,-9.533588009190199,-12.251670498990864,-13.389712202010916,-8.758815703329713,-16.752702196130034,-1.4139131402131122,9.9951436772379,27.19252763134959,-3.1614907529727394,0.010584449588378281,8.713142717336112,-14.87560478405278,-5.556217898314037,-10.47954286459342,-7.726157510913515,-6.41048525808435,-3.976810290590777,-6.513606117540459,-6.327925789763715,-3.143248535592652,-2.693369445672575,-4.537300414761712,-4.591470263168546
-6.297101578071746,-5.694437267778113,-12.963092604184524,-8.991678725375445,-5.216202713032506,-9.107699871233514,0.3839019106261426,4.233575900023591,8.12328182841176,4.736454010363846,1.9786224289704837,8.490674819261265,-6.634033174400566,-4.1027476078659095,-4.768964864031173,0.8371673484535352,5.31730469868106,-3.2272606855851826,-8.952295337702026,-8.324252910611207,-5.802480093318535,-2.606227957268996,-6.072593402056452,0.2755314017765828
-3.497741548194719,-2.8310199844982273,-6.783127130622377,-5.428028595899464,-4.126179485488743,-3.8601831126471255,3.467905994924731,-2.7655996048568774,-5.362808192704115,1.3873229941838234,0.7331078379806975,13.753331805423496,-3.445696783738496,-15.076633859994537,-12.909424365442474,7.790752865774214,-0.5507775407599106,-9.997737913066484,-4.860766158547712,-4.46853591025317,-3.0113121275031745,2.5391922099106568,1.5698236020095795,5.907256236497453
-0.5540928661052676,-2.756676212759799,-7.814472648659244,-3.438852522587923,-4.1691913513201255,-0.40599864515734996,-1.144193539728227,-4.886485301975385,-5.893108437337342,-1.5254624313770582,-8.664527712117732,-2.7958507397729027,-6.031795481110232,-29.2855518594604,-12.760475530738765,-5.7632261442859125,-10.951050455102983,-10.871061910612143,-0.5985261154478728,-2.3878668099492826,4.781954915788344,11.169513628171037,19.102738415599656,0.02729315280128293
0.13397577067457014,-0.5548271674785603,-9.197566694266209,-4.967112556637916,-3.0782354541984667,-1.748640952699947,-3.989394723891725,-5.580934617845691,-6.935606568114066,-2.3449483759903162,-8.590470490248453,-4.504523741853585,-7.209023462461706,-17.983620880637794,-17.440955985951746,-5.759110520345119,-6.329195661225632,-8.224648465208194,0.19807885669167719,-2.8438857312588333,9.400655419558992,10.189980473987493,10.389950277790533,0.1908921151900238
-0.09708974810559928,2.707983783002597,-8.041810445894452,-5.680646735582259,-1.216959064071366,-2.517856709007798,-5.584706939050942,-5.384842095408057,-13.40489837133806,-1.9055050047478819,-10.676949096062591,-3.0614892781261815,-3.750259573489217,-8.537778621281388,-8.272876923574472,-0.6864000247758784,0.39158989458564875,-0.8039300176529154,-0.7256041883000875,-5.296095669217685,8.154384492310317,6.803403199498788,7.511962234581379,1.5547728727361696
-0.4217943931445384,9.56285867025417,-4.872944734485575,-4.252380409106583,1.2033837242391652,-1.0499192633405132,-8.957773241873987,-3.7682477244086945,-9.275620051615082,-1.6607769152524667,-12.667192032235636,-3.7341541106422795,0.15304294708299043,-6.146707059683764,0.7573450355913505,1.7110158511145461,-1.1680981164730397,0.2175887074987072,-3.3055067602837807,-8.035505856408557,3.4844869641289966,5.510845542558368,7.713522620779835,1.8365350094850452
-1.6844680012352062,4.436023985899136,1.3388730432022389,-0.22518890219693946,3.325842992419049,2.320851767118418,-17.225025912666364,-3.644987470496469,-8.284539453218157,-3.8391868043980515,-3.16483617645992,-5.935496799537648,-0.6145593971084226,-8.267856693217922,-3.039199434326388,-5.607127975091956,-11.519325526656985,-2.5489046793599117,-4.493633386230485,-7.876650536261424,1.8789909680514914,6.060765124248789,9.909429302889576,-2.3960554783503185
-7.421890189325419,-2.4593270553325666,-1.9245357525277986,2.2388474115319497,0.5703189959775191,2.820266613396993,-12.200495475318347,-6.213149139890221,-13.142172414683827,-8.39848467016149,-6.040435145969302,-8.849750671249609,-3.0102248609967477,-10.08072549003673,-8.446640404723546,-4.965160256260957,-8.314193625908754,-3.2754211271612794,-4.11545071318116,-9.59112497979875,3.371891766648049,4.573797284615442,7.813960529884923,-2.1226665267149305
-5.31818650633052,1.030492577314239,-6.6079967600310505,-1.838339401050676,0.0626467779697333,-7.576457432061954,-1.2532946693053946,-16.103495750833343,-7.292833151877574,-5.719980519034289,-2.2936358347789216,-15.373744061044718,-3.203503360866937,-6.252313513567412,-4.672040136192569,-1.2657064564932943,-3.799756051639859,0.27295453217159843,-6.817944266795357,-18.532199932830483,-1.5752535285884484,-3.845032891666815,3.4270490231257176,-0.23170463542692243
-0.39086891886666797,5.984243392895975,-7.079083968148218,1.5515081952860055,5.438127436468712,-4.059550609346034,10.25304382887324,0.7376637820194164,13.178061341745002,6.52661329335798,19.017547750957267,3.9569806044748193,-0.9607979493465539,-3.496739214324573,2.322977536266796,-0.5676715645720509,-4.8327122003498015,1.3361956361377652,-3.1986065966945985,-5.140681761665833,-2.7649831466226664,0.5895798926651953,6.556717956352095,0.9832926538913133
-1.4594315904505009,2.659877584149152,-1.6164587264279981,6.69476453800942,9.873109931436618,8.127653982327823,29.170405777730966,5.5867726830466875,9.037745539541236,4.863774349383797,11.75565789380415,16.63749823790216,-0.9724650080605559,-4.1763067383696315,3.5639102766906845,-8.326436731691526,-21.886246147707567,-1.35735947728697,2.0366138584182907,-1.3333210364395915,3.091960917442656,3.919644870164954,10.430166624817756,2.347882081536691
-1.4815880484762252,-4.765696605815259,-0.4236150291921908,2.056907699250635,-0.327336554058757,0.7750777721039249,19.35410111263024,4.973407842919391,7.388701739170243,5.118942096465524,7.0998608125845255,20.97473076460978,-2.284027903022129,-4.455865398991314,0.13901882779090996,-6.34695455782902,-8.722103858628767,-1.517128559244586,5.781890817231145,1.3472427391479318,8.0699263438134,6.885566022039088,17.013160877221857,4.1674207597596915
-0.9824439317613699,-4.49203783507738,-4.398113394867746,-2.857523004489262,-5.776465094303431,-4.647764651426304,26.01487854459705,5.469764509115796,10.655007880507053,10.134666693456397,2.885104119517167,14.45897915985011,-0.8784357985049323,-0.8245235482379752,3.7301455612342305,-2.830776308807312,-3.780161567575803,2.8016809300706305,9.086033808617582,2.984879636387457,14.750942095353325,8.679240315874242,13.112050197790655,3.812779103178677
-1.4685386822788553,-2.1128874897285383,-5.109790800246587,-2.414287768107593,-5.184328986586234,-6.094283539006687,9.36397586810053,5.846652260253803,7.479207143487528,5.455736743182106,-0.45000342415557615,5.977614252174695,1.3554495796204176,1.7523568685473245,9.582926405650085,-1.4306721914985934,-5.972524957313913,3.653232092779664,6.455434320116819,2.1453761580728314,8.719622944560054,8.06264148352064,8.665234091082134,2.847828766128137
-3.329704687803423,-3.8944028799012753,-4.458408237944496,0.2087851073560454,-3.457142289187396,-3.896131313362967,-0.3866306203942873,0.0670462183121625,-3.067483938419393,-1.581076516785004,-2.0640720450566468,-1.3393111029836038,0.9545855615746026,1.181254847246003,10.217564696906226,-0.32234567786971924,-10.245342416092825,-0.36689687487025663,5.369640607019559,2.7795813452417213,7.728990823937906,8.169433654396817,8.546427888641917,2.930016424549822
-3.749887052920048,-7.5335637192915055,-4.934967071040637,0.5171761180981317,-5.9570867880408365,-0.3311411571051059,-1.4589881029554144,-5.612692120169632,-6.647922857531494,-2.4000222701263074,-2.510543687876578,-4.5275962906195355,-0.6554696726137041,0.6820217614719791,6.195418863953696,0.3962115232924523,-4.191420926427275,-0.09154335464234498,6.081970061541984,3.1785663188574516,8.78125562434908,7.284623771229041,6.164704525050243,2.73697901138232
-1.0581431522643605,-4.782725628957378,-5.736375241345328,-4.098816507562393,-8.07012464639135,-1.4431782243450808,0.004456779786161765,-5.554266609858134,-3.2005170194797126,2.0918787968135213,-1.534541171961024,-2.3307775711878995,-0.24841683243295207,2.5865487697498253,6.193521821449087,-0.0317165265757497,-2.339231815256668,1.0745216238054496,4.197019771480584,0.631256164658897,6.557792539017183,3.739313308347023,-0.3695342540848453,-0.2877652886805188
-0.3413790213302398,-2.548205973985711,-5.42567508124109,-6.815284653159027,-7.200419241274323,-3.8701894442167015,1.5283026319974153,-1.841943133054801,1.3699580606855615,3.4219792091652175,-0.04660190169371607,1.4789258922382664,0.3897222864033757,2.9585957760568373,8.879435058739574,-0.9169747414595276,-3.666862894673131,1.5859773069912384,-0.629926604865283,-1.9634232347920442,2.110582452812088,1.2962364967390854,-3.5446021095942797,-2.887723121574879
-2.035009816698868,-5.0303272532713725,-5.348518685636229,-5.625329834487561,-4.874552892616098,-4.0016225501253,1.481773303779279,-0.050885420263570555,1.568957444290269,0.5707679908342371,1.0977603001847518,2.8196582599576407,-1.0081198746065474,-0.016515073220624073,11.35769857888243,1.2955054712807028,-4.028710330855127,1.8033059136020686,-3.1196475174189637,-2.339589332233969,-0.08676298686402725,-0.06116420383492763,-3.55389043844565,-4.60704436930979
-5.420421582363291,-8.538669301663074,-6.299939037159589,-5.0643022737511165,-4.105421830752358,-2.4194287255665765,-1.0478782397563289,-1.833050274504391,-0.388087723505383,-1.997308352202175,0.6459972229989266,0.7781347573865458,-4.319613259863485,-2.4801353968028628,5.968194482447276,1.2161590324132796,-2.8413813694193357,-0.2867669749101912,-3.8059288465846555,-3.1472165305368622,-1.5983403488337058,-2.1710450251167686,-5.5025656148048965,-7.447580034377777
-12.072944223819409,-5.485250195112141,-6.969725208600762,-8.381388324861042,-5.591900534745438,-1.0104279536527145,-5.441913355756899,-3.2105051567188103,-1.40641663239808,-1.9874440690061004,-1.2919820449647703,-1.264775769131844,-7.00796640103536,-3.0660599068225074,1.319210423648927,-2.036008143728582,-4.6052581110881,-3.8094203041309416,-5.731560687364303,-5.643002591092693,-4.6872249330025,-4.816515598919908,-10.776269865647576,-13.313878712540728
-7.314837248477595,-1.0829231887907707,-5.850832228109263,-11.580063063771336,-6.85809547744693,-2.473266780001278,-10.068009892365307,-2.3054012826154913,0.3287868337025935,2.3463123753080057,-2.053124431096334,-0.6468382410736518,-9.292873682293015,-3.534121844866913,-0.502019270416174,-4.631409871615531,-9.303840929771717,-8.827835747394431,-9.633737982328158,-7.650259172525624,-8.483424908965896,-5.4994027734492175,-9.853736583472866,-17.43173174152844
-14.57272000639267,-2.6707215263902624,-5.350762640723371,-9.437814091657598,-6.445258258496784,-5.76705224818864,-5.222754188562716,1.1537836872689027,5.031261367299687,1.2748670948777028,-0.48991108504953884,3.1722657948326005,-14.188553869152043,-4.184151092366626,-2.4368927777010927,-2.5820263112665782,-10.196769214577175,-17.145079737593043,-10.401159156230396,-6.93087129269359,-9.939542276394421,-5.90223738042829,-9.544958525913973,-13.892358323414467
-23.11683833759428,-6.920578205369022,-7.65957222221581,-8.078425717693694,-5.926637307255806,-8.451983532842585,-3.421646102596569,0.5449567099058362,3.5511865906854485,-4.3909920553269295,5.841362490326244,3.5485399409739404,-9.039715464428783,-4.187907256069278,-1.1244718704035943,-0.8162250896377206,-6.270337024985473,-23.215329400190285,-10.083552521672727,-6.793674608399167,-11.172034551459905,-9.413235049143616,-15.89556220472915,-6.87483971076691
-10.41368812784551,-7.2435764862417775,-11.024733866273897,-10.204487699462346,-7.007935234378401,-10.63066918849029,-12.139980201940565,-3.3412783300461246,-1.6739296929260399,-2.755466860003353,5.296658500085256,-3.2363298792283466,-3.764807235341991,-6.137658437600137,3.098759549326971,-4.031297282693609,-11.155585635462826,-20.871164959188455,-15.482878140019276,-10.23388199726786,-18.246472686374666,-16.416717380586118,-13.949483591611965,-2.334186888137192
-4.369170493072791,-3.211625357561045,-13.828113693191327,-14.082516960717186,-8.755200522977681,-13.157577958074594,-15.308628335102178,-3.7205223861026457,-4.891860964993113,1.7442724875002789,-3.3667002698136135,-8.832497037652388,-3.0941961208233777,-7.007601777513106,-0.22745643638176646,-8.719475563774514,-15.68358296548475,-14.182823378988935,-18.727281083425254,-14.760342582713314,-21.87588414778025,-21.92217340763284,-8.78800615186085,-1.3541183621225814
-9.458842765957383,-4.580524260632585,-13.102950074330126,-14.68378840576992,-10.543069219051642,-16.48106989966513,-8.978729331678228,-0.6285036550657388,-7.372730722169728,-5.172156645485833,-0.5708157999106005,-13.715894116211132,-1.4062271124596597,-2.370764784484771,-3.1548108183781878,-8.05252769032258,-8.459754274673873,-10.872460912646005,-11.016588541607328,-14.359647347049126,-16.7121881217537,-15.61383562907502,-8.605829839261323,0.9868309096857046
-16.134646840222008,-10.33528808942181,-12.916789139044408,-13.74121467077184,-12.6448772589708,-19.660879222984057,-1.3281723193899864,2.1821194746567727,-8.164423451357266,-15.71712123270962,3.494553976533161,-3.7688857408114003,3.4488174433496925,3.6210970244430296,-1.2173802722228586,-8.55491683634509,-6.953118913220878,-7.1952575627298945,-8.345978169156554,-13.183209982758644,-10.8911833812574,-8.388384367102352,-7.520957944144552,5.808553931122031
-14.049876708208917,-13.85018208432713,-17.086372709518777,-16.28573176026147,-15.086097479634786,-21.647403776797567,-1.3069464702286901,0.9414364112179392,-4.033656967479108,-13.062463165289566,0.298317274261122,-4.885794867840611,8.672179178981121,10.339556376692032,3.650269126603423,-4.440158195053158,-2.5879957162611937,-2.3756483922198193,-1.546259216587218,-13.497330625379007,-5.73223932814059,-6.392934847792134,-2.8564817119719166,11.061539738138224
-10.197494341982388,-9.802398003794856,-25.165974559250735,-21.59154422745231,-17.72405359882495,-25.596503838909722,-1.376631455436828,-0.6536665777160823,-2.842014609825481,-1.6793918813450428,0.49811879863297304,-5.442693272452751,8.205118757341596,8.606062933358166,8.158531557584137,0.9245186813880388,5.227384257385652,0.15124823544649274,1.8173518648258984,-13.978399700738445,-4.140908045919796,-7.071417039805424,-1.9302735527121981,13.78901229615616
-9.033464939824489,-6.563004063068779,-21.526806744513426,-18.452962319056997,-21.423889687360322,-34.686618819185014,1.4429365239890135,-1.1352556737394854,-2.114089002921573,10.728967065395684,3.6706202540585298,-3.7281121622773785,5.974292969379879,6.613549033206471,4.002835040944298,-0.25458858722439476,6.497879321943721,1.675296207519625,2.28212299230826,-15.11795635081903,-3.4386858832930094,-5.419477719793716,-3.4462674780940583,7.015676124345558
-14.871146487490837,-12.021879759682712,-12.835553297826998,-13.252814627068679,-28.449418490540992,-23.942970200105425,9.30529924917703,-0.4916010857971442,0.12017693931488241,15.941297346564063,7.7436470030250995,1.8516388113397109,7.101621526397434,7.132751649182206,2.1085463290874324,-1.6766606375252309,6.584535179229337,4.520575213339445,2.8510334385786673,-11.472807920860523,-0.6866375726092393,-0.09435456208068314,-1.9008768508927665,4.330739654100054
-20.441996067280076,-21.029698968097037,-12.233846601123101,-13.66150819377281,-28.565154588103244,-19.014983994308402,5.856638942703287,-0.03593145820019437,2.7435196754722884,8.206763389588406,2.2267579966728475,9.558231012857735,11.150073842386028,9.241596617562767,1.8939299291313894,0.18179614567017569,9.974535524124718,8.058529133780645,1.8159298020107983,-8.459464918705104,1.383398023191786,3.420671435413519,6.994850209887945,2.458315429261072
-15.737217915537993,-18.52831382534619,-17.319507327442647,-18.470949332107136,-27.502533603061885,-23.974967493573004,0.7013311531158452,-2.6031180456801866,3.219130018381336,-3.6175110286110943,-2.5241293793135737,-5.624322891187123,19.608170786540697,13.588882506318797,1.7516335247836643,2.713314947323725,16.480742915423676,8.885661891518891,0.5501316816969395,-8.88504041566969,0.3263837970897065,3.7053918610276497,11.676702774161967,-2.732594597835508
-12.041018826648278,-10.708794928851662,-17.34243698408369,-19.98573033747442,-28.66891918949851,-39.75377682316095,-0.29048054722198474,-6.164307685051398,-3.144559949834345,-13.942076447875396,-3.508067224695288,-3.158323627527907,16.04283578814425,13.702728915240186,0.4183244517647904,1.7709505791624065,21.652931811722603,7.234469856261131,-0.862461481403777,-11.516195006488864,0.44326244575918633,5.9966697927042,-1.8358284583873032,-4.701778906218475
-15.123709897662412,-12.883661422046622,-11.037390075953441,-15.223604687317078,-24.411950950803213,-20.72627892679858,-0.08885531128267155,-6.545393976622975,1.5701309315560676,-10.617478379393411,10.966290095630253,2.743871335782835,11.407008181845303,7.5103004045215025,-2.7273991488794227,-0.12641491663236687,19.074120477466415,7.411895884542419,-3.8571613953186503,-10.47142439877472,3.82212852302736,6.442275042672046,-2.0300034731730867,-5.958861530421494
-28.002215423423294,-21.12463272385558,-6.398521847444831,-12.064586704291447,-20.171408544425834,-12.4217891151043,-2.4677830808300523,-4.237312297988986,4.049385825447748,3.57319744172632,6.374627024329783,-1.2465769821846735,9.78739156026466,0.6516383102284673,-6.896631154336444,0.3014973887292347,14.032828401630258,8.39908133475516,-4.162291230782777,-7.738055517208803,0.8966690211032002,4.127407826818038,-2.9562580814519164,-10.516268610886122
-24.342468710491396,-28.855741268707664,-8.463942402521283,-14.360142048522835,-19.35483857860747,-13.859357548849054,-7.563337451517535,1.4234710200559233,4.19450342238457,2.541401742911492,6.536166291873673,-3.2857758231033984,8.144304637688155,-5.175579498856999,-13.493755617397095,0.8713478583296401,15.158702882725361,9.426710400540667,-3.855023505877025,-7.819832015554066,-2.2187639750165964,1.8257729354118968,-8.179793547222843,-2.229285111851416
-14.188259197451439,-22.341900685768156,-15.678319009112817,-20.00345126958642,-20.023895311550326,-22.92057340812555,-8.688197892520432,2.4051215542842943,1.8507016150823277,-5.585259164808811,10.935374418218647,-5.035058940937144,7.016171012073294,-9.165913187259939,-28.37384939230445,-0.09352727352525517,15.368258620357109,8.912294752151706,-6.648553548044082,-10.50034596598552,-6.156215964950459,1.7327778991459217,-1.8346015585865258,1.2774959214718713
-8.073421860367723,-7.940029088591417,-17.934693422344935,-24.156625241732606,-20.56840968762774,-26.324063230857192,-4.678261379149883,-2.924113386972654,-0.839978657979188,-9.60635002203907,4.698481167281413,-5.978765945353549,7.949521641040471,-11.652161891458814,-19.126447065822514,-0.8100221601651109,11.345502036347215,6.827172331550155,-9.34725463997885,-10.671274012947201,-4.716123963188313,0.6377904353940163,0.5676081713259036,-0.40670313897728305
-12.108290427144436,-9.797204752256585,-11.4491784190344,-16.559157200954452,-20.133411398296666,-10.88766353815689,-0.5774741261688259,-6.317199349836677,-4.295472442998337,-12.332909663768143,-8.016565886645159,0.13246936653285818,7.969697396746845,1.5042412015581728,-12.01731927415328,-0.06290810270139509,5.179727144721566,3.790900842365448,-3.4942915535030243,-9.196894633488421,-7.505838819571807,-2.428855285964154,-1.3876970278294112,1.365478441109535
-18.205603690108198,-12.312039775319107,-12.160270028136077,-12.456429599904704,-18.63783556036593,-5.547749447064808,4.065789844852858,-6.431762092754743,-9.991569133564601,-18.966775863547298,-7.607909410541934,2.610356915430343,4.199635716581793,2.3414855088854467,-7.114501998789962,-1.1165089370449277,10.369593865420262,7.159595533998919,-2.9207864920215676,-10.465008879529565,-6.838662920419588,-4.443503581544001,-2.4321435436700414,7.5007853681102095
-12.22219160290545,-11.073124964202002,-20.548724884850746,-14.185077072807857,-16.14465921466323,-9.702873789862242,6.647940675868151,-3.8943095776667542,-5.826116552580633,-10.270244474803407,-2.3071664907949003,4.6497693538085985,0.20469459416226352,1.5505540068877963,-5.195461299350982,-4.038190553758416,10.74338854407982,10.478170668473313,-0.6382465785990104,-18.45772226004499,3.0634068274841586,-4.005383522030417,0.10737081268108344,8.692381521748759
-5.5095781818059075,3.422951303405584,-11.525263832778812,-17.961203217649896,-12.671099873516338,-7.022778422042362,2.532783977301247,-4.410593330612881,5.256952587389165,-6.570780940979359,-1.2319753590957827,6.9480090310530604,-1.091943479381178,4.179503180322596,-4.709760584696424,-4.577742575946523,3.551075231577521,9.956926874332456,3.726482857620224,-18.884479947809425,4.905150377225616,-6.695792571312653,0.3547370748979634,7.50878654590236
-5.616036164959935,-0.8409300884030759,-7.443613213215155,-22.765004142170927,-9.505804781524905,1.2717723199277142,-0.11172217890302517,-5.321430222042933,11.1956596563597,0.04994883799584372,-3.2091664386583045,7.3582584663068475,-0.7281671590812051,8.564550683459053,-3.879747485752574,-3.573530477282108,-5.582671463321515,8.929798619044814,4.368781760851591,-19.952210402492256,1.6985025437268795,-8.667004456968732,-2.205855844377583,12.337305544976179
-13.305618885611468,-4.283863886783402,-9.919389082094284,-14.854161461114755,-9.892719443151822,-9.361968211294117,-2.4203880992007627,-4.397221056290246,6.043572277715561,10.176528860212034,-6.062770591338575,5.440235930464842,-2.74517722944971,8.109244923338073,-3.4711389626699396,-7.133618651613064,-12.024975996983489,7.560019680815808,4.681892023988381,-14.946178571318725,1.4403037441985398,-3.7072984069174213,-3.723467647105913,18.932319274042918
-13.568241103016785,-4.993832904552032,-15.550448659294343,-15.482580921330653,-10.203198648665357,-12.698471072383356,-8.68526561105578,-2.6273938139734216,-0.3060728282760624,3.1165133220702668,-8.658242595054835,3.252804948287802,-4.569114827761342,3.1267552082755086,-5.001859978839448,-13.226953848149961,-1.0914096610158017,4.136050997428862,7.320424257532028,-7.06977903483864,5.510863949542317,-1.9830456293203733,-1.2020571194367076,12.811272909844806
-6.445433045013824,4.544936799075413,-9.335043189734149,-19.936850744997717,-7.231466707307963,-6.2965004204968515,-16.502569918195857,-0.3184537266727611,-4.693900458255918,0.1748656926806343,-12.13931612754523,1.7840316228381117,-2.7752564395219848,-0.36286201607873997,-7.91889540793086,-9.99743488681294,1.7590922054761193,-0.44374623375294364,7.535461426238524,-6.1401626527069535,7.345144677597798,-4.709141603243249,-1.9245859130808673,11.00502524785462
-1.4864470120464905,12.616651632740162,2.367843298921675,-17.75491858591757,0.3611157155520844,-0.5616045843686123,-22.678183250833367,-0.1257367938268533,-4.18986104145047,-1.5727620640171431,-11.873013023146072,-0.23741241783746866,-1.7511396753359907,-1.5688285520871323,-8.985829902037288,-7.999449089911812,-2.2473017967313194,-1.1572961728502,5.390994709846727,-7.373316961945882,4.004771983195736,-5.903813608921257,-8.10037745118376,7.291825209213689
-3.5967732179693512,4.7976857586291155,-0.3772049389922699,-3.058762837479712,-0.5680495437925833,1.78028265856905,-9.564718983926738,-3.1350838624324933,0.11504223650213254,-10.769571765091762,-8.760483903607765,1.484556954113978,-2.7049492126870116,-5.267602684915506,-8.050305026086834,-9.999830968270292,-13.055140124206035,-0.9147851543023742,4.052130887069457,-6.16830442707657,1.9238325407148282,-3.8938775153856717,-12.082313506595185,0.036674704374884674
-9.600576064964411,-0.6360829093378818,-3.2103373092653094,-6.288592619796748,-7.983701749453469,-3.6455808119881623,2.6748801238130637,-5.360309079431701,14.973792327491019,-9.82381180203229,-7.78125999175225,5.673092229782238,-2.9909849072307413,-9.921829033177499,-12.294334313632787,-8.182792215778424,-5.439925539272509,-6.888778561775308,5.0678253656817525,-3.0535607446106203,4.882728243676839,-3.953917071139526,-7.750882937021524,2.6087839484570736
-4.223363367734659,-0.11310393765982674,-2.5955151025157885,-10.277398272414205,-9.704445384232178,-4.900801479296057,9.687799268131203,-4.171308991042323,15.029138809469458,4.7763571309887825,-8.729466762803042,4.242971468420528,-1.6414565951959976,-4.952867394470608,-24.283275136690598,-6.170250455769885,-1.0176703697476233,-10.126983146967968,5.798226807596398,-2.9953689674960566,6.0402128038605785,-7.697831160282935,-10.609722361740467,6.717112217888897
-1.5619838072940717,5.746260299509245,-5.664688834717837,-16.934939070427014,-0.22040939246536,-3.3342760517049945,0.10690069811282345,-6.696725752598983,9.184089662598607,13.201254145448939,-9.692496609357153,0.8351109650746535,-1.5001503497753772,-7.538171081300964,-13.397515997312208,-6.717535823852928,-4.928562560893689,-6.734419163703851,2.7934166709247688,-4.175621925513269,-1.4664890022306256,-9.558662548601104,-13.770522450903687,6.168116550551628
-2.015241390612339,8.49702930358687,-6.213656995805577,-2.758576100641905,-16.20813506471472,-4.704187402506056,0.7392185122541416,-9.657310648503632,5.305194596517468,6.662063853172442,-10.204673281355724,-0.06286868508120934,-2.3175568128803716,-5.904779533274293,-13.070871615182828,-8.574725646094203,-10.547379374293644,-9.931681045923646,-2.7808138258455113,-3.419554607701065,-11.741871983841799,-7.804380666818438,-6.220393055697803,2.1934006275480953
0.40489317982109196,-2.985934169273334,-3.530830832499419,-3.1752167891211642,-19.89233358123506,-6.369417485699703,0.7712877226640141,-5.770130625332884,3.937541514496901,5.598368036947758,-11.595687180545301,1.6167092022975855,-0.7644417202663503,-2.0985912632947192,-12.511771391907994,-6.238305325147621,-6.830347853771252,-9.25005427323546,-6.2370485010797685,-0.8648900989019079,-8.245520219150954,-9.401682023977106,-5.259551779630927,3.555681444365595
4.470996415432561,-7.627698063582724,-2.4675822415131283,-6.822632216872524,-10.391877948493487,-6.557921650135633,0.13711541821033998,0.3904538253808956,3.373852732770481,5.9879251634818145,-12.75793975920433,1.5033358228926241,1.0707822956744353,-0.043498653308256904,-5.805179531012124,-5.795589102814665,-5.676788467295339,-7.367701630877583,-0.32259072146300866,-0.8540724278812182,-8.742207496368868,-16.59036553104087,-5.038394645348867,6.893164290580365
6.236686541537017,-0.4741950704910609,-11.816393448846876,-10.358157290782364,2.0433226722287032,-1.4453341298830744,0.799086427416032,0.11178231069457369,1.9030985116618093,4.144682112815188,-11.692410594094165,-3.4242273896465676,-1.2017489076453944,0.045967440361331255,-5.3913694371694385,-9.364908976722123,-6.654388247435783,-7.3104911754684405,-4.647561594307933,-2.0112971660354493,2.4833975533280492,-29.378984681663383,1.0017378516686206,9.07644198962798
7.464386445883412,8.362130283853892,-23.318275085478785,-6.813848208762757,4.079654049410973,-6.911076810290591,2.8513492393351876,-1.1569831344089034,0.35625616573408675,1.6104427591283985,-9.097593672161906,-4.681289920872748,-6.321964712274973,0.8003245097828682,-9.50772322672229,-13.655326725961395,-4.712992811564619,0.5230253463257075,-1.6950971760217446,-1.2942367905535623,5.008312667995593,-18.87183140603846,3.3740973765882103,6.38958811156951
-5.411037679909066,-5.84886205348703,-11.047695756559573,-1.0471402279949207,-0.4626601696496889,-9.607731833370712,5.335954642109373,1.2431173153829693,7.458534030376793,3.77574152598302,-7.757306563319539,-0.502088285684728,-5.608039045010393,1.0767259816924752,-11.375636576493715,-8.646645858134315,-6.150793204933693,3.443002572179599,3.102517954881139,1.8372666787434948,8.845384474919584,-7.691096517303242,4.306577062340548,5.673561951712914
-4.169177302183252,-13.25224580597494,-2.9109064069879063,-3.7586145598986014,2.1479821565283546,-13.723821389208798,9.654913922277203,2.4085860033348903,6.1646098433199334,9.454504873227927,-9.59125908284866,5.695852507788333,-5.503649003975535,-1.54386116662149,-6.377861104239414,-8.923318466379119,-10.70494860761835,2.2398802180592163,4.862388341569933,0.7988727144937563,22.74584997222879,-4.424399128810269,0.6159750707037063,8.941133922962528
3.0289928796272347,-4.149769337366585,-9.160113745109395,-4.719560057120539,4.362759127943623,-10.945332488956003,10.860099005769355,1.1890199357609674,-2.991305260849556,11.549528024114263,-13.196032304919802,9.031032406285453,-12.098932987166187,-4.852405639440567,-6.665049008337613,-14.876450477386987,-4.451505598414947,1.4229967626399516,3.0506247535259807,2.73876102472586,12.052523175235939,-4.0581735904209655,0.3587110901696617,12.310966306188206
13.196507398980387,6.290706423266768,-15.39552035864646,-6.765654139669098,1.011159847700906,-9.75321162354568,10.2395462911395,1.0660081412219642,-2.6767746986055316,10.85546693007531,-12.495142307687182,7.687211114828367,-8.243944682221198,-2.302665954375959,-14.97294459909024,-11.227386870179659,-3.494680632665289,3.7458627130872904,2.0421629545723774,7.326279130416964,12.436020382186559,-2.221348643389787,1.8277661084298802,2.8455359408488134
-0.11121137077782678,-10.70876857674472,-15.898844357878554,-4.277219478628027,1.055139513699167,-14.096558443074116,11.152363529476016,1.7171141135595824,-1.6653161509522816,10.236877133055636,-8.303803424699336,3.973182991307554,-5.252536128184061,-3.685965618872688,-9.537199835364461,-12.856104284246669,-11.339461649570197,2.623332857530257,3.0085425062148903,-7.4486799112058755,20.45705949877721,2.6421677668874533,3.8694452738684726,0.6343762807570352
-11.144598042116481,-9.282069433659094,-6.0874594458921365,-2.292892601044165,10.287681499519072,-21.636711102121428,1.043679882820896,1.5267112833395675,-5.958200929534652,9.074091746833705,-4.197460326239295,-2.949343349900348,-7.398216348960583,-7.579040740257938,-6.084633193114205,-13.100990589803384,-4.496584793294542,-2.7863462854310717,3.601212753187173,0.9064329351791538,12.24316985854883,3.922522864331893,-0.32103167238364394,8.348573577983395
-8.6746562405674,-1.8394512259609863,-9.733047244904023,0.6792197858581334,2.914322497395016,-6.181598279994965,-6.859083294448508,-0.12410592231086312,-14.004814436924969,6.650088987258421,0.305422007137298,13.177169392185629,-8.262834873355159,-2.3257977389819287,-9.07638522611179,-1.976803832239645,-1.3789440411828633,4.990793332372851,2.4712994973473896,10.31726753069304,8.824656704766305,3.942251789689641,-5.161613933249254,2.363224038592869
3.8669467994731805,2.6013363646507717,-14.142717345983371,-0.9301135448884006,-2.5578265352568463,-5.193135578139307,-4.321779368260023,-0.3828682358108629,-10.197904903175395,5.271426913017453,4.405794413786734,12.447971789227022,-5.306893957482267,-1.5367021456289631,-20.921744488687246,1.0591487862824147,-2.6402460387089683,2.9673307621789045,1.284607307389788,4.234950221857889,12.421741629550556,8.213026842458552,3.2339589760112997,-1.0161753908574367
0.42626110598396216,-17.367074567895255,-18.478028218959096,-11.258252112390409,-3.3133352932253453,-8.806795242911353,-1.2511946633209456,1.9486061477304486,-9.017766643872417,6.344499558494327,7.5893183641243915,11.587949064822979,-5.375631801156276,-7.0435101249541745,-13.1477132085776,-6.036078542840006,-2.4364807493242804,1.3726907833649111,1.386323904051385,-0.6028926107614992,12.223176847121673,20.282375873156276,7.711758918019901,-0.38406107388322897
-4.700413405279857,-10.740096304869667,-8.833236782694083,-9.416438492432974,0.5627715499371545,-13.68298558297065,-4.281282836909202,3.4183627302142416,4.519138247528725,8.398004378004591,3.6078162227484256,3.2729784509411033,-10.996284585264284,1.166330739128329,-12.417712839367564,-8.237674763157752,3.4987457919403675,6.245342594902887,0.9286306887975573,3.9296840602219407,3.393533209415567,18.310160487579225,3.587834519987276,13.268162231655584
-9.445053045603865,-5.439203779206883,-9.34575941478315,-3.608900865651063,3.9388749950000816,-11.049365596812287,-8.93613426566043,3.3580792084958504,2.2542417031580473,10.130338963436387,0.6661164875491877,-2.291365597497577,-20.53021916925165,1.7374072847663113,-5.708151106748663,0.007205332287545942,4.204625643919503,5.946845257204535,-0.36683687424024697,7.645147804806101,3.714356265963716,6.227506267603484,-0.08530922099694262,7.123327113343052
-9.537639324338727,-3.7847098812950937,-11.72286533950696,3.030165995387838,-2.207450206008424,-7.114052292106675,-6.966749318489498,3.0468868131230393,-0.3673640749159534,6.949723789788084,-1.1928711443041808,-2.248549456692629,-15.70048517983102,3.2471889464286448,-2.6997034966785973,2.2673405086146827,1.9121510731966687,4.138615460176231,-0.3794236911275529,2.7049827788833425,5.5511137322690205,2.346993989922503,1.4730141239004493,7.002468000886912
-8.913126624377181,-18.431787686560593,-13.691568967858432,-12.044173211338801,-3.8280098123299346,-10.030924303130979,1.1306971489352244,3.6570649031093305,3.8077397541377045,2.6402043937317217,-1.417791755747764,4.385919903574139,-8.692023934421652,6.315282815796635,-5.568938633284529,-5.664589784439404,2.6315333155608274,5.4791683707133165,-1.1599705176199668,-0.7559541454230723,-1.0847073089947024,2.355174596174398,1.830995208528587,5.3475578623621
-20.678036409707445,-13.251880181768254,-9.977109242408375,-15.355511831908535,-1.2040757693771382,-14.81953031332395,7.25323273439053,6.2073658355577095,7.332933642313022,0.856470362141511,2.1146743143615363,10.343784142621038,-5.270410200100576,3.9574924770588957,-3.318994086619909,-13.8773619347222,4.8777453055492535,4.859614086630614,-3.8425758326126056,4.7377167921404,-4.747541938063745,0.17482690382030625,-0.7284951108939551,1.878939093112799
-9.338069933436897,-8.5585397702319,-9.928542297106752,-7.316978236346908,5.559676359863047,-9.03230080616462,-0.33387919415826445,11.565029617980649,1.4946232964096589,1.6305411236495606,7.136452005088905,2.102370926636981,-6.627460939124631,0.961807846542623,3.131777604041863,-8.91462654677807,3.8829628311458335,1.046061050509243,-3.923397975369824,6.648994074660809,-2.826813777265163,-4.384191427178978,-5.220896718425343,1.0138063279578036
-2.574851088649035,-7.415278525707633,-12.175700536182205,4.0706706859458865,-0.32080331057030725,-3.024786433231909,-3.593442004468163,11.02750134363317,-2.298482574780806,4.135035167579321,8.501699067294338,1.4639111233238655,-6.893994983875941,2.38839286304611,3.2791304695493686,-7.166676132068243,-4.067649947904668,-0.4116671840522811,-1.3751762319853218,1.0851238279533315,-2.8421994014322243,-3.660217915331855,-2.4726404343811437,-1.1833592181334793
-0.5550818921761262,-19.546547715931496,-14.654762081633395,-0.6965813239836547,-4.308615469754834,-6.344624040639579,-4.590219861440465,7.943700075361221,-0.8171552583071817,10.182827554240049,17.611418104702274,4.208818687617146,-3.156366706282494,3.492957924077467,-1.8214359577351755,-8.519233906805177,-0.4005071256982818,0.8484606566840625,-2.94975652860388,-3.5551983737098682,-5.765596767490951,-3.5669113239580525,-1.2705395325636493,-3.5122480655707506
-6.749114167563409,-15.877842504877943,-12.11588647123434,-12.459263045918625,-3.7320828720990846,-10.374480383311408,-7.729014657529687,5.256121127348158,-7.094414451551167,6.3010623728930915,10.728264517036434,3.076050092214091,-2.2160756618962822,0.8990245345685286,-2.367433094367378,-19.08913255618408,0.7683948876688944,-0.6082003033160804,-5.256406557150961,4.6407160060969135,-4.299639454574027,-6.341544703992819,-5.582515658036557,-2.6592420411633406
-8.850023900367018,-11.428467485291732,-10.408848653916209,-14.411322310356777,1.958706886540936,-8.590713988559155,-13.58527982649893,2.1108195010138804,-7.074789924723879,-0.43208972970267984,2.43022652165177,-2.5584601475954476,-4.728323286119941,-2.843970642495244,-0.5250607208037215,-13.726481651539492,-4.446762656081356,-3.0687617702334435,0.1786009913447943,8.227947506337618,-3.151362829464257,-5.0669706357225275,-10.491795884580057,-3.671096033039158
-0.13222041170096654,-9.23138781419684,-12.065353943883661,-1.1114246732384465,3.2987775874116103,0.3430947288838684,-11.10795457901949,0.10026845069484835,-1.9540470132391983,-4.576029274021123,0.8395632451377195,-4.261723845903661,-6.819653497591485,-1.9191440943150195,-3.0912155883405075,-7.463807385698177,-8.122869149685139,-0.8187336523692457,1.4172501666466046,-1.8645263365713887,-3.5298070062415943,-3.1858799518730416,-2.129915749605601,-5.967707558555927
0.8548037850609311,-12.119198747204457,-12.903981064657993,10.91952899783459,-2.9190448226928405,-4.243526962671174,-7.4294127818429265,-0.7487107802088313,3.161381440670507,-0.5709724229311631,2.880728663109359,-0.9576782705252074,-5.445172666720529,-2.7535397186060164,-12.586926449331328,-7.322116292593522,-2.32508460206955,-0.6819103330382461,-1.9172564682377629,-0.9772532924424358,-4.345153413120458,-3.933613028336383,-2.473241923504131,-2.7594769763141875
-7.536632931811086,-15.501936868191017,-9.164445203209407,-8.213333502206078,-4.040757707357592,-9.133812909530924,3.2972321502576496,-1.7050578057494072,16.05327372233925,6.468537217393302,0.3798404468486391,16.663103405497132,-7.192710793112402,-10.177236599320828,-6.738692126197704,-14.227009678623554,-5.892044111296438,-1.4799544999313161,-4.511491030222329,4.973165632486346,-3.9113314446774137,-3.837510526732095,-7.651803645985252,-1.9299367600876227
-6.367979576797371,-19.072575629348986,-7.5496100936043575,-14.545658350664585,-0.7740074408202456,-8.194575134846602,8.97643474393211,-3.191596014959309,4.922337964490135,4.368155904980267,-7.798036007303115,0.8618704039596645,-16.034179178707,-5.970142746449188,-7.230535296272228,-14.887619340624681,-8.872723695204188,1.4870385295220188,0.6868195253684597,8.116791316207207,-4.341261824772812,-0.5573519904052124,-3.2364842713321043,-3.084252775986575
-2.336091103749911,-12.581542692518957,-11.046903048970123,-3.4532530085684447,7.024360726399685,3.2216329645706487,3.4116601583383144,-3.74832789960198,-0.16973388588253713,4.15936824802527,-8.596579864400356,-6.834649545769128,-12.958214496849916,-2.2233381378182395,-9.904492867632737,-8.985483519248065,-0.5175741117701935,2.104101582264911,0.3659269171848644,1.1487926288836172,-6.949249501683673,-0.7763039251255663,0.8504769618580319,-2.3181437067894333
-3.4156491768165607,-6.92537572337328,-12.800182047360353,4.283644272962619,1.5894449073736092,1.7169169581304633,1.1486242582455928,-3.4205669899383793,-6.038847275706711,1.5733000681464784,-7.891305550258493,-9.309532015658776,-9.505807105915554,-2.793023894240538,-4.592353254863203,-9.513350868805686,-1.5789181760898419,-0.08983750896100048,-6.510512515683294,1.376724217213544,-7.330344045552181,-2.846721520541011,-1.222842370405107,-0.24055305632017368
-8.430318981433683,-9.17749336525418,-11.009458684853925,5.360434218758215,-2.811852243774886,-4.789245113056484,-0.038799613837006384,-2.8897198962471555,-1.7190213422774747,-4.0828574853763575,-6.5676579809018145,-6.591311171862558,-11.469618579258682,-1.6909235915611787,-2.4553069557645686,-17.648819442798043,-7.423216716799885,-0.024764807508724222,-12.5231735419794,3.611741748630668,-7.733377486243106,-0.6959055837581529,-4.7853502564357795,-0.9374509039879153
-6.147333283602153,-14.678148769300872,0.6527560371050917,-10.172450595927899,-2.4615241684211697,-5.801422168099826,-2.877414929248983,-3.2036214164035552,0.6102188204968019,-5.304328898673588,-4.868756998047541,-4.994932628960466,-6.350015916223199,1.2587179864150193,-4.145564434109498,-14.821811123359183,-1.9486818342973957,2.386311038300835,-5.134239258960035,4.328085691088196,-13.165643021531157,2.4600901432065663,-1.7186152368316385,-2.244389098464094
-2.0211006653087664,-12.618502562432063,-6.460075378984346,-3.907278894162805,2.399641122060206,0.9390085723012602,-2.936022814958663,-5.799038206801976,-0.07548853885527365,-4.813156096573394,-5.272383972259195,-3.8511791613228112,-2.6983932173995653,1.6896006788973208,-4.272033745519746,-10.328068396210623,1.2450891020541524,0.9079627594104845,-8.331200029632686,-0.1322647610281665,-8.859002738018187,-0.5864441754493593,0.14421750959938245,0.791759820308602
-3.236345596153691,-1.359541011529915,-10.886452053258289,0.19138135712872442,7.081447243039534,12.660395243364654,0.7232715090841115,-11.136060038816671,0.494161096557686,-2.9120403688625633,-8.216932108887645,-2.6702798465680284,-2.4312821467096404,0.27354622671918805,-1.4234479244660885,-11.971812065756975,-2.232756148826424,-3.750642755310082,-16.05041464924784,-0.07695412019823662,-4.656507216618535,-5.503242151959168,-3.2622747672625914,1.6815837564574585
-8.291413137001069,-4.77452542291959,-13.048800034441758,3.8931512095910517,-0.8629421283011653,2.162646070031648,3.2957538834830205,-9.588878600179353,1.5768284630885054,-0.5135902051713646,-13.21882661225989,-1.5419471080318932,-3.385706975021723,0.781224083294595,-1.079946644220083,-21.95792155494843,-8.49162313065863,-3.435339512166763,-7.042418060145627,0.7259100540918122,-8.784259328398008,-2.432572062674784,-6.5741749596598344,-1.2973124627315742
-9.509589166206412,-9.910592352027308,-13.279906397257253,-5.8452598214314815,-3.7153989152002382,-4.228300381957023,2.7385957841760877,-4.139711740114383,1.5463641348967838,1.7316050659246627,-17.368273643061716,0.07105732130081874,-1.8176099521497544,2.012394007632426,-3.4538358084263527,-19.56092187159449,-1.3417668355142034,-3.1938034706945633,-4.979484842563845,-0.5376311046776285,-4.570293409372284,-0.8823952901798031,-3.7889283677467733,-3.3422665333277606
