0.004513179467749,0.0129830350877972,0.0055917525325802,0.0075412821843156,0.0110541430558798,0.0060397537633643,0.0032172168308325,0.00740968846783,0.0042334357773752,0.0068190172500557,0.0029928103812149,0.0023359859456411,0.0120006015753722,0.0082478903483085,0.0059885899311825,0.004565185095482,0.0061730473311249,0.0085284659396246,0.0170215756951497,0.0200385759150703,0.0074461869279855,0.0066195318701719,0.0110821128697047,0.0202286549147994
0.0252847915950162,0.0706654807503245,0.0321268413095801,0.0424431748060288,0.0639826044261761,0.0338258650166822,0.0267569186918505,0.0445894662191079,0.0292884712797593,0.0497126271409137,0.0253658685740159,0.021697777201976,0.0683845818479376,0.0505817425476385,0.0377663969594212,0.031995366756996,0.0375277027108536,0.0500278864767544,0.0835352489991174,0.0967425143550545,0.0367824243359908,0.0344518370083637,0.0552060768984136,0.0993131739567893
0.0604015833210703,0.1595090264118958,0.0798416607547495,0.1013973738547782,0.158767281727996,0.0807547224997215,0.0923212676384896,0.1171769495400358,0.088383910040981,0.1503360843797662,0.0877880564502524,0.0807456488041728,0.1682968875951661,0.1356658127786846,0.1059138275004705,0.0976004711714752,0.1002232495180999,0.1291661505649119,0.1567307673812009,0.1769225056264171,0.0697780777873305,0.0719745320090128,0.1063371494732365,0.1880377731170351
0.0888979545653729,0.211701192984566,0.1239398555197457,0.1472780920418892,0.238963881544686,0.119211370465189,0.1778250261461123,0.1903898100242175,0.158492846090665,0.2515904141242545,0.1672795522880177,0.1644032691855926,0.2578807983375877,0.2218892676826289,0.1847336986455686,0.1764206216748276,0.1661263285262003,0.2102927026902332,0.1532287415403231,0.1685175618482931,0.0703897892889048,0.0864165164046797,0.1092452069562358,0.1925534816481035
0.0949024125674568,0.1912581078700889,0.1403259621625946,0.1524440855677129,0.2466862916503962,0.1300920440213652,0.2091449525421655,0.2170272390697255,0.185663697414973,0.2502219912513035,0.1924469228880078,0.2031669933767649,0.2833594626040834,0.2426564607499046,0.2209002558287358,0.2077943754055274,0.1914635592028499,0.2421726606576839,0.0964702595887036,0.1123457916083713,0.051728386844974,0.0788629393212965,0.0764718080434947,0.1414424802978143
0.0811363119155373,0.1351016468082096,0.1254329230136251,0.1280979929137039,0.1835679761391482,0.1194171485217916,0.1486880062218905,0.1838490546661952,0.1451042435915501,0.1429748538105987,0.1327930724449535,0.1531167896666489,0.2329930570308782,0.1735289179897121,0.1795911981449272,0.1615434536076152,0.1555371775683161,0.1956496127574807,0.0914352851126601,0.1278212777207419,0.065662254276122,0.0885384970445454,0.0796437166353016,0.142296244125953
0.0570107517349232,0.0905160222693448,0.088714186955357,0.0994307361746518,0.1017855461183465,0.096239292456839,0.055880645122213,0.1198526929437316,0.0745627317117443,0.0414513637466157,0.0486578791341198,0.0640395866573868,0.1347286936768546,0.0678234250551065,0.086906138810314,0.0771013211014184,0.0808916190989473,0.0951799160734136,0.1469044581402048,0.2003863711642693,0.1147898867787147,0.1242012287440153,0.1295170854638006,0.1838866937571501
0.0311198795063858,0.0606620930949941,0.0438805309628762,0.0749266631778383,0.0485390516129601,0.0607610027042427,0.0078893985702371,0.062154431358822,0.025501306440875,0.0101381631139918,0.0062307777923138,0.0128418529285849,0.0432775689865544,0.0082783245083175,0.0142712986068816,0.0164690433121542,0.0183114256700908,0.0156710797473892,0.1594210048964786,0.2000597546004665,0.1367462516422539,0.1378972768486961,0.1499293370615756,0.1562317802786305
0.0183600141772283,0.0340535842047571,0.0117999693563849,0.0561298852500866,0.0342351876560108,0.0262474022282517,0.0059686886303425,0.0264245946424338,0.007615838455864,0.0083383118953468,0.0004898726710615,0.006138788381302,0.0121991519556744,0.0204779020513944,0.0072794084832481,0.004213995988999,0.0058766713818856,0.0136756789982595,0.0895177483603199,0.1050655248292331,0.0963454745575612,0.0964747310548871,0.0973660166527475,0.0591528111283321
0.0333609728085525,0.0208937864969011,0.0105918459528247,0.0549851488823022,0.0426187714029505,0.0239577834795353,0.0107940674181747,0.009250490240993,0.0025819984090168,0.0019908542905973,0.002472254345121,0.0052260088083968,0.0415227970833296,0.0531327036320976,0.0391750988272001,0.0250691533530176,0.0323390597565871,0.0579289165027643,0.0217797167676483,0.0328089880399921,0.0363318821824203,0.0364713386026801,0.0271099635072948,0.0094179556991883
0.0668375859090291,0.0281783047803729,0.0312531851124198,0.0759778519152437,0.0518386921523073,0.0618790842564909,0.0130745357187559,0.0028932975054157,0.0004296783751298,0.0033343947706074,0.0109323173412684,0.000622738226436,0.0697923118728405,0.0513819394911325,0.0512896102527371,0.0479169922441898,0.0486111194198932,0.0704360920550413,0.020844236350457,0.0433900228109005,0.01042606766129,0.0111201113882248,0.0042183966930473,0.0374612365517449
0.0857975690095089,0.0342895055145196,0.0408806932433262,0.0947070085800723,0.0483172065184095,0.0990288369331765,0.0171474699303871,0.0017728648450147,3.219088064421501e-05,0.0072556403114707,0.021558670393618,0.0024967284065398,0.0514359565279385,0.0232052622991777,0.0279279139644746,0.0450692142060608,0.0290579916837609,0.0349083095891484,0.0455660723493083,0.0715505605084042,0.0158471934240758,0.018915847855838,0.0169518302814192,0.0525401107636453
0.0705589472693419,0.0211364017356358,0.0241256082187873,0.0825615702879863,0.0354845996742359,0.0910677803257218,0.0127359249719261,0.0047360781298174,0.0013958575107162,0.0027523368533639,0.0177194363155634,0.0035695219704981,0.0163078942431145,0.0119160598408774,0.0045463754062596,0.0184435788242728,0.005042430727736,0.0078557882653656,0.0431121305284381,0.0652451891889226,0.0204974053858198,0.0231392105523154,0.0197889759948943,0.0193387745505679
0.039180567136961,0.0050929218527237,0.0053546234409467,0.0480269954047193,0.0297736947324421,0.0500539902618964,0.0047366795310267,0.0147380201563259,0.0100588682710132,0.0147095998162658,0.011008307096992,0.0006751863864332,0.0154095617085508,0.0272089319481528,0.0075826621500405,0.0030802341828394,0.0138613710887471,0.0207984542302242,0.0286826489765956,0.0528290489901351,0.0147684185398811,0.012309012586737,0.006923285887313,0.0048958996974662
0.0224723362044481,0.0071701648576902,0.0126815866192356,0.0269319871210559,0.0391703171786543,0.0269050700103865,0.0149095954428156,0.0300616780267149,0.0252227724151434,0.0490262961730008,0.0240735362002854,0.008602216771019,0.0409005591035777,0.0392233432967538,0.0207644018105321,0.0180058758756682,0.0381705487123122,0.0392072517910466,0.0321262049311982,0.0590703555439022,0.0080492379733025,0.0035145478752208,0.0003769205747188,0.0362470163890808
0.0258958083386593,0.0166005088614255,0.0353270241930815,0.0317677114720269,0.0495182430930367,0.0394450140356229,0.034195759774881,0.0400803810946938,0.0293532182840955,0.0617225531836181,0.0403211302454406,0.0245497936640454,0.0489601747305816,0.0311845215818387,0.0193265527135321,0.0348506628401917,0.0370615626804028,0.0322748797185799,0.0435829289620489,0.0669695038702338,0.004939565574192,0.0060462706727935,0.0041896094173598,0.0567155932658448
0.0307191795489208,0.0128096698692345,0.0401215017471559,0.03761215504872,0.042542358194216,0.0532590044665696,0.0333611338422374,0.0396217965687521,0.0174333999491974,0.041341718368367,0.033192485612581,0.0268781571296081,0.0342561310898032,0.020808626518992,0.0075490537107055,0.026204295654066,0.0166057593439121,0.0191890574336981,0.0464489898130547,0.0697424814981399,0.00606166022143,0.0122054199171416,0.0067485140652834,0.03804721422824
0.024380110853925,0.0021607855060769,0.020932989230285,0.0241674954256621,0.0221231871944518,0.0390925106849168,0.0202305374804952,0.0388901557449651,0.0148664321916328,0.0329549600569997,0.0167085519046101,0.0180339977568644,0.0278087364077811,0.0258459455397651,0.0045624353646655,0.0116459623001385,0.0165257959872352,0.0234953887566159,0.0461576853872292,0.0758411750586356,0.0109578811483002,0.0134817297142188,0.0048566005825099,0.0184501794263541
0.0128073010699305,0.0030439310256396,0.0043354641000859,0.0049913567169281,0.0082279156576965,0.0135423284816294,0.0230736513175745,0.0448282847111652,0.0330434987822643,0.0463476047544826,0.0135118862948039,0.0191759763232583,0.0382549470213635,0.0378724793151273,0.0123349001010996,0.0179560973721502,0.0392579351806259,0.0332889800838958,0.0453909484191131,0.0731113605452803,0.0124875510119482,0.0092580923370111,0.0028319102531043,0.0233433581063307
0.0053420436034016,0.0114969152107687,0.0070952497139794,0.0010623232565334,0.0077655660434758,0.005280982885082,0.0331490910098313,0.0446446794548589,0.0412633194546737,0.0409114801894156,0.0141324775258725,0.0274031687109613,0.0448879624472809,0.0404988137992171,0.0170974050510152,0.0306406620769013,0.0489194070310771,0.0303106968528458,0.0367551963614896,0.0532719460281044,0.0069146766189562,0.0059446745534927,0.0030057228631839,0.0371100685881999
0.0027730186446832,0.0111202271365243,0.0150809974974577,0.007702741470629,0.0086186542223432,0.0104180218212861,0.0247486462900954,0.0277689051323469,0.0204690454079717,0.0144567889209489,0.0063233182959188,0.0238327182615289,0.0395806042972957,0.0334899095847956,0.0127107558131576,0.0256968206154854,0.0355941965525657,0.0205293051935548,0.0267808995130916,0.0418739646502814,0.0046801966551965,0.0102077103826024,0.0059655107933875,0.0458803347722897
0.0024739166344129,0.0043182238577674,0.0115101652029908,0.007872479527531,0.0035036378298478,0.0081824562747338,0.0063976927630738,0.0105087536212103,0.0013498220221119,0.0071319131157153,0.0005007442153846,0.010262481009854,0.0348020793205437,0.027139813402483,0.0063263794535153,0.0140493382284974,0.026071086815676,0.0165231082415297,0.0274566867546629,0.051365685797858,0.0119544852340661,0.0176584534624001,0.0089924295239741,0.0464276322784737
0.0044677528002784,0.0057348345343089,0.0027449652627051,0.002813939101713,0.0012160737731583,0.0013746337760545,0.0001526798682916,0.0128052940314485,0.008449616970739,0.0198455921343454,0.0057781534060467,0.0018270446424421,0.0353725381228338,0.0248014692924011,0.0043717715501961,0.0156520542110446,0.0311092205091219,0.0161190328999862,0.0290369905013066,0.0510209703975506,0.0157181431625436,0.0166300507902929,0.0065944088756218,0.0346331397806726
0.0085148657527418,0.013894139069649,0.0026874144095507,0.0063561970301994,0.0077453346247893,0.0095946976131977,0.0015812457127243,0.0232049396950269,0.016372249298479,0.0179146528831257,0.0172720955127413,0.000952554679534,0.0332410315551483,0.0217043180389518,0.0048196558182861,0.0212565223245076,0.0314678999112254,0.0122396599032677,0.0180010497261281,0.0276389566305811,0.0076366330578639,0.0083393091608907,0.0013210949435419,0.0222739191909543
0.0117802494300667,0.0159015525958986,0.0085835158920115,0.0167346276993762,0.0136865560896729,0.0297695070912244,0.0002232275440288,0.0198723592535347,0.0064681718846477,0.003899937252963,0.0293408145919537,0.0033993740764855,0.0267042914311733,0.0157755405956771,0.0038072906333589,0.0149603026696398,0.0200855701983052,0.0065241243441986,0.0072984583197064,0.0152521971303452,0.0015102482434168,0.0061119775667415,0.0024152872685875,0.028012774908861
0.0123082658660717,0.0121151215251133,0.0096026671537756,0.019273702320706,0.0117395986792701,0.0373801209866427,0.0042495518119037,0.0120220546970446,0.0075280477767578,0.0079395415250143,0.040007521112425,0.0123586208851159,0.0221053304999478,0.0106480972848504,0.0018770931487467,0.0047286905899528,0.0131964976352927,0.0041631402358962,0.0120599050233656,0.0280937327429003,0.0064978127233022,0.0113865499450524,0.0085769119407662,0.0398513996988809
0.0108968417881575,0.012107229021576,0.0060266041815582,0.0122168790596871,0.01043027518796,0.0247436524221971,0.0194160138872903,0.0226714325194887,0.0375081215063465,0.0272515257549302,0.0535015927385221,0.0303855311611645,0.0217951226158413,0.0091720334115845,0.0015561656361587,0.0041531769163965,0.0180294524647577,0.0060233121391754,0.0205623279732299,0.0371455744927844,0.0113868412741248,0.0136622700504331,0.0109736819553434,0.0346085921336261
0.0091688006425066,0.0150493653389744,0.0058159776524205,0.0090424747765806,0.0188808461421961,0.0119247652738015,0.0341378021344569,0.0434291371454923,0.0619659209613616,0.0328414738646033,0.0772296449328546,0.0480398604898482,0.0231654091231473,0.0093363760452982,0.0029270267981282,0.0091255266567109,0.0222562554378642,0.0088240909601352,0.0198233626096182,0.0330444356105564,0.009783601509754,0.0135388877381875,0.0138578093874747,0.025416905823499
0.008346812646695,0.014077170972529,0.0098087696432518,0.0150465872554744,0.0296449401546686,0.0149739696070901,0.0374986661614135,0.0457752163047599,0.0520250212027299,0.0231537941255187,0.0998365215534348,0.0509585809394942,0.0243237528768267,0.0083617073128416,0.0036710907309848,0.0096298715404605,0.0173535707135459,0.0088589943353441,0.0231721656415169,0.0425252396883785,0.0124960428595549,0.0222295313952926,0.0289834480868527,0.0375422043196619
0.0089326652384107,0.0123302509042504,0.0125422317770588,0.0199700971769752,0.0301801916342544,0.0246020420031092,0.0332151337117967,0.0305779574191228,0.0349775613440055,0.0255674634058186,0.0961365101996529,0.0408593504644079,0.0249254694652538,0.0080656554332342,0.0024896337022421,0.0064027639238077,0.0103821594400353,0.0059524092291858,0.0434869106781731,0.0701480685921193,0.0239191677121266,0.0395134487884447,0.0502561701666537,0.0569429953350647
0.0093458578773817,0.0161002048270522,0.0127812503001876,0.0170653972742741,0.0230157468524189,0.0247854576731925,0.0314515699610839,0.0261532048833461,0.0455753931796215,0.0455225328354516,0.0704399765777666,0.0396524517704205,0.0262575921153099,0.012395838630675,0.0010897641229901,0.0053071244919261,0.0106151604482898,0.0043888909436548,0.0654711467262375,0.08982798506967,0.034265801075863,0.0533438827656082,0.0591184503571571,0.0554381723378977
0.0069123897173527,0.0197207918945768,0.0130451142258594,0.0133908134571043,0.0203297825387864,0.0159037592040382,0.0346003961011691,0.038553997857035,0.0670162190999264,0.0530035152319103,0.0558828625816933,0.0571263455741849,0.030783270325235,0.0199344353601488,0.002192444339473,0.0078808330505933,0.0174133848745017,0.0073626558847644,0.0702807180631821,0.0961518547248111,0.0406045245804334,0.0577888533164797,0.0536740314936548,0.0417445681717173
0.0024205550659063,0.0151597038340588,0.0127214740642536,0.0155689621747018,0.0238823287443896,0.0087509493108208,0.03314579727908,0.0426698291945442,0.0615914826139371,0.0317731340658053,0.0585913933849562,0.0677045029118994,0.03666640867306,0.0233619643206972,0.0057581518107661,0.0121938535683803,0.022704417207896,0.0116286278357656,0.0633752333784516,0.1034421079948485,0.0480290448943274,0.0553256239963357,0.0486640366179862,0.0399205921055359
0.0006163637958246,0.0089930476952368,0.0106317484807576,0.018964780741621,0.0248005334088391,0.0073674177294738,0.0196126610859379,0.0264524368774793,0.0311330094007376,0.0074032486443669,0.050345642188947,0.0472732458809709,0.0365610178436208,0.0184676896853809,0.0082702351485626,0.0149301711339495,0.0203960902866724,0.0116148109196526,0.057417225988654,0.1040952229975453,0.0510556540470018,0.0491538918814497,0.0499837973938007,0.0443464646193733
0.0033405340406763,0.0118008206860636,0.0105727489156109,0.0181683080540391,0.0207688642763634,0.0086679597055819,0.0042418893790138,0.0091248633627697,0.008854191471487,0.0050810114649555,0.0234371748541172,0.0164251655275865,0.0275960295038003,0.0101326684321455,0.0068203670482828,0.0129801182599465,0.0132628389647385,0.0076559111468598,0.0509673459705249,0.0847824591351241,0.0418226066018013,0.0447180036662496,0.0510335565573246,0.0363593469887474
0.0059167875993201,0.0180370471395138,0.0154955045239987,0.0169115788521448,0.0191236389400551,0.0111956418018016,0.0026362294139677,0.0076686662835976,0.0087223480486963,0.0124118442226666,0.0030654309555333,0.0100737049063828,0.017136791715506,0.0062167853454149,0.0032161324849685,0.0083637425822197,0.0097151733095858,0.0056747445221915,0.040495292375684,0.0643794018028127,0.0308967270421857,0.0473277764094767,0.0491706384357759,0.0200469296693183
0.0042985358621131,0.0154589996980184,0.019779359428008,0.0196132581000236,0.0224784616299626,0.014529505535714,0.0109593793891411,0.0136988853906806,0.0150048709485294,0.0093305828453098,0.0016287574921776,0.0224287522041214,0.0127831402781459,0.0079095554301124,0.0021104811545712,0.0076892852449525,0.0123995485307928,0.0086934602951807,0.0318348768633733,0.0637771698135524,0.0325665494624658,0.0510617290734146,0.0465042541883679,0.0105773077100119
0.0019870531197459,0.0083082921544929,0.0166496900392298,0.0225380362535848,0.024535001383031,0.0155452386973146,0.012944702209415,0.0131199321062212,0.0133996212018727,0.0025944900381282,0.004554128534786,0.02296330720808,0.0124657470147348,0.009665291215121,0.004883973714264,0.0125206156701159,0.0146441030109675,0.0126032473330763,0.0272972423728159,0.065266822133376,0.0388803156118942,0.0442535007332953,0.0403858290667945,0.0084976096321846
0.0044848663628757,0.0106739474053568,0.0104573242825244,0.0217303266295174,0.0227910944942519,0.0134171252491898,0.0066718099930223,0.0071973802602535,0.0073849055011334,0.0050738451237543,0.0023678930508564,0.0091336151989862,0.0100222476959455,0.0074156307513667,0.0076607627963087,0.0158674990799417,0.0109476325064004,0.011899513880264,0.0202614275812676,0.0477960583370492,0.0339109312160621,0.0291690543343981,0.0287447424580443,0.0062003783686575
0.0098351897021031,0.0206146541410689,0.0113449689890134,0.0214379025466974,0.0233784444562148,0.01352059448468,0.0033258410191989,0.0045178128931623,0.0050463964262716,0.0101463709568821,0.0018621199876324,0.0030492150627392,0.0050814138609496,0.0030912099186892,0.0065622231645618,0.0123265358545558,0.0046280264216155,0.0069507807567022,0.0098840162359314,0.0285055670742683,0.0215109405281578,0.0198779032853065,0.0180418690472273,0.0027647791705139
0.0111666699682466,0.0221308889433028,0.0188732932725992,0.0255608691602993,0.0288169107940539,0.0189803808095291,0.0054517604915676,0.0064845547938555,0.0065447586070755,0.0078608267454489,0.0057842834930817,0.0098340681348299,0.0018264627858206,0.0007003790505965,0.002864546922002,0.0061120906811483,0.001349223552088,0.0028539148918409,0.0039991663287761,0.0284284422478576,0.015229875309773,0.0199608486057242,0.0141797793966495,0.0007210061669112
0.0073217522817862,0.0124573529400851,0.0217265538284946,0.028072005230177,0.0316824690517167,0.0231950687963965,0.005887336482052,0.0086972936878608,0.0075072808912338,0.0024142253448224,0.0071315333671928,0.0139636850027164,0.0017445165757979,0.0010478353972939,0.0009578536540888,0.0045009418246921,0.0012639866703393,0.0023101460486345,0.0042602419383036,0.0342568353414886,0.0142235914030555,0.0193570158220223,0.0131576825073514,0.0002091587939587
0.0042115785845458,0.0066011897423813,0.0149228481598639,0.0223804278661918,0.0266527642066594,0.0187543049272698,0.0027028772936749,0.008453611826236,0.0061513596491311,0.000272328031211,0.0036502260828745,0.0083756331921492,0.0024441026220324,0.001928489094722,0.002506714087671,0.0075870861639353,0.0014026658768089,0.0030484252490243,0.0042173216440788,0.0289876466134266,0.0101559329391139,0.0128435718985633,0.0091510894215972,0.0007481057179782
0.0052417856273901,0.0117055745445855,0.0070154970578627,0.0145046132683747,0.0199323597768461,0.0096790931385306,0.0003739843616542,0.0062322608000241,0.0037625876396429,9.078364315546912e-05,0.0010462120377916,0.001569731486934,0.0019351550633785,0.001726703685504,0.004914117182293,0.0095201527401679,0.000861443731581,0.0024320526261621,0.0023118354227042,0.0227808405672543,0.0047527552816892,0.0058318628425656,0.0037016049061009,0.0016177581179745
0.0067728599717584,0.016204097619323,0.0065601595019264,0.0151953199710575,0.0193451131124451,0.0060047106134384,0.0006106792436461,0.0041611911489139,0.0017359965487367,0.0003754915699274,0.0018717170234369,0.0001130468019833,0.0007315489418835,0.000850250193595,0.0052591272620729,0.0076766518678332,0.0003975420123999,0.0011015047347195,0.0026288183085924,0.0260156896779355,0.0034008022958473,0.0025721535723309,0.0007547359334735,0.0015354612364721
0.0050351362519828,0.0107179362504211,0.0102441680869358,0.0222857222922015,0.0220982030692887,0.0088367669201099,0.0012988274410594,0.004438225780054,0.0005745339194778,0.002486628353915,0.0024940789667171,0.0010904638788513,7.84240986593545e-05,0.000255739742493,0.0038703011919927,0.0054802233817287,0.0001926881803401,0.0007685002228319,0.004715859625313,0.0282039365609019,0.0035397978237253,0.0014354522201714,0.0001663456343014,0.0012480381189725
0.0021930429148437,0.0031952904532537,0.0100545198346464,0.0233758378493644,0.0206102765802417,0.0099704115457428,0.0012123865171742,0.0064850040600642,0.0003552163047378,0.0045780710179079,0.0010801074598862,0.0007920527463187,0.000126369640164,0.0002156701372225,0.0034348727152481,0.0060354602575758,6.699200726908663e-05,0.0011874945495672,0.0048854908819789,0.0231802903387374,0.0017560135578934,0.0008995704215727,0.0003782352795688,0.002363708219816
0.0019269385679898,0.0034491044468386,0.0056696267855556,0.0157976066454357,0.0153350398128942,0.0058914858709783,0.000884260897114,0.0068556211413652,0.0005879837445931,0.0033071799518841,4.0955164277065865e-05,0.0003765305807446,0.0003780500657282,0.0005740783464074,0.0052866951674418,0.0077724386003396,7.165065294512116e-05,0.0011780023562187,0.004172036509237,0.0203687621781207,0.0007462898541582,0.0011728736358633,0.0013400460887143,0.0034923044643829
0.0034400365547006,0.0075784518448505,0.0024761027292752,0.0098697896723592,0.0123915768416257,0.0018670618319579,0.0008949648935118,0.0040805889795782,0.000641713833015,0.0004858058233559,0.0004450864288822,0.0015834014388268,0.0006986276916457,0.0010734560028891,0.0077148060738006,0.0081488272423145,0.0001468844526215,0.0006784722368479,0.0050252438863617,0.0216727799397494,0.0018322012377264,0.0016003045169505,0.0024760075087742,0.0027208408294894
0.0035130665279864,0.0070274596171501,0.0024420038177623,0.0117891487472529,0.0127836308325168,0.0019639494481251,0.0014076259542386,0.0010975864044906,0.0010308920779305,0.0008545651258889,0.0006509853250187,0.0030420851401556,0.0010374381658012,0.0012938856972157,0.0080758496905587,0.0073269867524522,0.0001562647440432,0.0003502363864425,0.0056659346652589,0.0192141602546736,0.0020240925904768,0.0017093789750495,0.0026554705730182,0.0014032839484151
0.0018038279838868,0.0026360990196416,0.0029279005473873,0.0149620815387129,0.0120203836457371,0.0033050666624322,0.0023065668072369,0.0008731059994259,0.0025837431772765,0.0043565833511018,0.0001799178440498,0.0027868888999298,0.0010122883309788,0.0009864772888308,0.006056415542933,0.0064611819879753,0.0001363589775025,0.0003490002332098,0.004251600818754,0.0147216651324037,0.0010358968101071,0.0022352241037935,0.0024795660097802,0.0013402688491713
0.0007158636451857,0.0007831620520434,0.0022412060133718,0.0121104339165368,0.008656885593555,0.0023558537275396,0.0029539455007966,0.0023276770075843,0.0041737882549508,0.0060581469742819,0.0003221604847387,0.0014822956512558,0.0006396277233008,0.0004806524956552,0.0038957054537342,0.005655618677918,0.0001323048792807,0.0003751186715812,0.0028165536643595,0.0151775799968852,0.0016358558746248,0.0030551270279461,0.0032287313505948,0.0016158092400446
0.0012390705770197,0.0022055951691884,0.0014028022632699,0.0063259417016695,0.0060222365767844,0.0004767420896364,0.0024634733193772,0.0027862658468996,0.0038420077671359,0.0039167334414874,0.0012969624603508,0.0010154122904635,0.0006747144482111,0.0003001000592781,0.0033603277919087,0.005140793413171,0.0001082594133472,0.0002949005342626,0.0028399616778079,0.0165353484040882,0.0031480392908658,0.0031710923864606,0.0043666755602687,0.001090563281514
0.0018739726559923,0.00271739545169,0.0011794852956774,0.0042599655989353,0.005692084896528,0.0002387828040971,0.0011333530007359,0.0019350018121922,0.00198606788895,0.0013757667341999,0.0020482100302103,0.0015402934767014,0.001416928825969,0.0004672743310282,0.0037617157166932,0.0055051150170367,7.059825477599687e-05,0.0001945587609147,0.0027016880190363,0.0128676883323105,0.0026875655258926,0.0031847096177011,0.0046790648530653,0.0004799454332046
0.0014392044869004,0.0011709539404996,0.0009933911148848,0.0054170251425059,0.0052692845598979,0.0009126893019839,0.0006211325647349,0.0012608974888855,0.0006076583031232,0.0010083328224111,0.0023195036722869,0.0018425438953648,0.0021416342262028,0.0005728252413602,0.0035372874239159,0.0059319849622882,7.285800486457714e-05,0.0001409972423446,0.0018028153393322,0.0097288406302081,0.0011487883355453,0.0045125399872914,0.0046078204517802,0.0003945252130724
0.0006543392959072,0.0001309031332302,0.0006435840381838,0.004938880224026,0.0033500788528665,0.0006914916555774,0.0014025159161477,0.0015260471252059,0.0002037020183193,0.001159576592239,0.0028551715342015,0.0016104610502495,0.0024098517521674,0.0004166345761089,0.0026127170472169,0.0051761453480553,0.0001792763343151,0.0001402127962175,0.0016585688900388,0.0120256402525141,0.0013649570988668,0.0062954011545216,0.0051716679963114,0.0003331729860806
0.0005652387412158,0.0006225644761076,0.0006407092543873,0.0024708551800977,0.0018054733458213,9.020078096208323e-05,0.0019136341193545,0.0022997670081562,0.000122305901438,0.0004634620118298,0.0039484683572059,0.0015780448515335,0.0027829555507411,0.0002150747942924,0.0021598068764775,0.0043092455449248,0.0003736413949399,0.000204526360148,0.0021462006821508,0.0135460337169274,0.0027022745620623,0.0063182235242433,0.005730883285215,9.735312138880332e-05
0.0009689309519891,0.0010948539260268,0.0008907093669654,0.0015734891033157,0.0019277385347158,0.0003959071936193,0.0016198555315298,0.0026995491501629,0.0005004123226431,7.39770544445919e-05,0.0050214853954288,0.0018698877272764,0.0036323708961323,0.0002110368047082,0.0026757326952868,0.0052027822009588,0.0004615487994857,0.0003577419864943,0.0016904770284267,0.0105055951717349,0.0026653224552921,0.0048729178623843,0.0050377053523676,2.72219882898651e-05
0.0010441929097475,0.0006756107827153,0.0007614675923669,0.0027301265052689,0.0021962375631054,0.0010825050312073,0.0019567266588537,0.0021365131970793,0.001411677610538,0.0003748085792063,0.005666421262843,0.0017899443823622,0.0044330275246947,0.0003674631443585,0.0033689036631598,0.0067801368609864,0.0003765678933761,0.0005701168747883,0.0007833745704512,0.009122277773336,0.0014728692921337,0.0045872581545558,0.0037854451257047,8.49091742027471e-05
0.0006251201451439,0.0001253936099747,0.0002921045224495,0.0029251733419638,0.0012813590147147,0.0010091596802138,0.0030019420972994,0.0011499873956048,0.001839503860689,0.0003762178163642,0.0063116472355188,0.0012007877267559,0.0047141857267032,0.0004865041854218,0.0033382497399157,0.0064086530405062,0.0004337703704491,0.00071354919488,0.0010024880513296,0.0118230299485948,0.0010860416162258,0.0061523917666439,0.003816451199808,4.558562274029263e-05
0.0002034998283187,3.383664979457595e-05,6.204522929467246e-05,0.001302013920195,0.000221630873824,0.000445306214514,0.0029212878443347,0.000858377650637,0.0012291198221166,0.0001795389703579,0.0072325830508466,0.0007026865734053,0.00466106709239,0.0004544756764672,0.0026408958502853,0.0043979121520233,0.0007553752654951,0.0006737059687134,0.0017435325564649,0.0124174528253733,0.0016107276109767,0.0072746150819192,0.0049493102164463,2.336923639392423e-05
0.0001097820186138,0.0001726539835578,0.0001312455935474,0.0002611902838332,0.0001983303672151,0.0002002451256382,0.0014366747520939,0.0011292664207232,0.0003813829720532,0.0003769901607031,0.0076136497123385,0.0005054317788866,0.004525697762407,0.0003170782777328,0.0020324847897802,0.0034207762327434,0.0008885657911357,0.0005283204228175,0.0015012813991611,0.0093176927791642,0.0016138103137469,0.006661916911185,0.0050331541366304,0.0001297196585237
0.0002015899212093,0.0002758631125451,0.0001213131795087,0.0009133304723274,0.0005498813476621,0.0002111838271651,0.0002269880118504,0.0008600333105956,2.6672480139270924e-05,0.0004743966865336,0.0068216730570849,0.0004765183522334,0.0042932884901097,0.0002175598889446,0.0019942489223979,0.0040223993485245,0.0006467921464106,0.0004792393350873,0.0007490444791021,0.00805321791749,0.0008642209930625,0.0059515615276513,0.003509769522414,0.0002043545965495
0.0002213107168663,0.0002675730287996,1.432208306614362e-05,0.0014905751057563,0.0003435484795954,0.0002550478512216,3.88385694014413e-05,0.0001650735043327,5.9570628508837294e-05,0.0001633489580714,0.0058685446343543,0.000859567394618,0.0039453360980583,0.0002868495749329,0.0022510416540959,0.0042271652971637,0.0005672716376039,0.0005672487124735,0.0007401948349655,0.0093635778839273,0.0005669074771314,0.0063711976834717,0.0023039723898179,0.0001681277897706
0.0001243709432095,0.000126366857911,3.81134136130935e-05,0.0008123371385313,1.928101252280084e-05,0.0006362001267634,0.0003251777666555,0.0001136923406115,0.0002888409337321,5.181029142302847e-05,0.0060471718685701,0.0015722210447445,0.0034407967475672,0.0005028695728827,0.0022130355088635,0.0032242692715398,0.000854523751716,0.0006107216954626,0.0011849152667261,0.0085493021989776,0.0011554437185542,0.006668875846888,0.0024462977891613,0.0001968441721292
2.939317800512753e-05,5.781645745645044e-05,0.000109566326541,6.759755542797415e-05,0.0002321900727024,0.0011833699338712,0.0007705001620311,0.0005552662921374,0.0007024716273555,0.0002748503198123,0.0068710761917247,0.0017446203704197,0.0026603282460605,0.0006562364017436,0.0017143597575564,0.0022836731688017,0.0009178062978012,0.0004828940267945,0.0011486738827044,0.0055385849859161,0.0015231763557527,0.0059691513074723,0.0025758795117545,0.0003858953927151
1.1609814683857434e-05,0.0002602378715667,5.93789656690534e-05,0.0003085984120428,0.000548235574457,0.001034432536831,0.0012294233995626,0.0005352346572041,0.0011250126656835,0.0003983461539505,0.0068707142381831,0.0011645706040037,0.0017777844938599,0.0005667580302489,0.0011600188980421,0.0021501337579078,0.0005612878292377,0.0002924351738435,0.0007236400925776,0.0041111231846482,0.0009217479761688,0.005416181615237,0.0017422724807812,0.0005146388238743
3.0719138272081815e-05,0.0004392458285581,3.3649440836134736e-05,0.0007376154903323,0.0003774319922327,0.0002550324015938,0.0013953118363511,0.0002190717398055,0.0012804173666879,0.0004460386665483,0.0056707720600053,0.0007675044406847,0.001265481880945,0.000321018258001,0.0009818109945617,0.0021213437193707,0.0003896209942046,0.0002081127713717,0.0005431458250813,0.0039757418708264,0.0002214416765084,0.0054221103414719,0.0009200778737037,0.0003811676951376
2.6617128301975275e-05,0.0002509959356831,0.0001513436467561,0.0004662997097569,4.704955826184467e-05,0.0001213174533144,0.001266407164406,0.0002902154739945,0.0010280650935393,0.00056894306768,0.0041071386938571,0.0009143684786826,0.0012298994730608,0.0001586540168584,0.001139853486609,0.0017263585476861,0.0005965155926636,0.0002302301993682,0.0007682317750153,0.0025676872604325,0.0002944266157114,0.0046695489366442,0.0008005087149333,0.0001937235912928
9.720211758544471e-06,3.106592051847723e-05,0.0001939627814333,3.732272015637743e-05,4.214874364896509e-05,0.0009270483697377,0.0009651322285947,0.0004723238549879,0.0004909785632026,0.0005412727328107,0.0030928131409241,0.0009053013930702,0.0012333762434767,0.0001470736401807,0.0012454890087229,0.0013535323075126,0.0006779428229632,0.0002349475366564,0.0010773024485064,0.0008152813090757,0.0005200130648009,0.0031301453904546,0.0006857942756338,0.0002142016981301
1.4899523766365309e-05,0.0001974073172862,7.033933031016655e-05,0.0001252668094713,0.0001599976733453,0.001340085060984,0.0004968247155166,0.0003918239099763,6.736261496626012e-05,0.0003124041275753,0.0031762780355078,0.0005039957674251,0.001030797229954,0.0001631657815225,0.0010799292003003,0.0011633142804206,0.0005433650159132,0.0001754834899892,0.0010855042827547,0.0004686141327568,0.000251217508811,0.0023863785205888,0.0003026804524612,0.0002644117992813
2.7116453763510225e-05,0.0004253942236885,4.301153919090394e-05,0.0003735317976061,0.0001162590925631,0.0007079130560788,0.0001377086096869,0.0004479022149319,7.884718181648719e-05,0.0001309128148741,0.0043068245446822,0.0001748484647133,0.0008720465654302,0.000140143974004,0.0007908571970027,0.0008832389215235,0.0005343087636321,0.0001174933333855,0.0008460143576983,0.0005867892878885,9.201125858690612e-06,0.002530543743727,0.0002080700288689,0.0001390244499447
1.575992423897008e-05,0.0002674700045814,0.0001977868284547,0.0002750134585584,8.008435881377299e-05,0.0001606573029576,0.0001058644896129,0.0008249452243271,0.0003620662798352,9.137247889497288e-05,0.0053872909361746,0.0001078250604958,0.0009368404724564,0.0001242516722788,0.0006183017782144,0.0005294283660503,0.000585961799444,0.0001105463026007,0.0009555516877593,0.0001996701248743,0.000160763451555,0.0021727087356082,0.0003714529635147,3.718217629771746e-05
1.5557012793113772e-06,2.055947085540379e-05,0.0002459111674434,5.461524087834278e-05,0.0001633431678089,0.0005591437475238,0.0001227057446518,0.0010363321704147,0.000511812258394,0.0001154418513642,0.0050300258093906,0.0001196057017381,0.0010005489586576,0.0001301428426588,0.0005839128159109,0.0003728589712735,0.000474616064131,0.0001185554395536,0.0015607671941053,2.96179457489473e-05,0.000198535637777,0.0012233994545935,0.0002802039714346,8.682803356299563e-05
1.841562984467528e-05,0.0001176482490928,0.0001038688155694,5.9104928797289074e-05,0.0001438235694761,0.0010516377881556,5.758549130153658e-05,0.0008796126948984,0.0004392940363968,0.000141955926707,0.0032318066470103,9.237193335573724e-05,0.0008839501907355,0.0001194758443211,0.0005448886282781,0.0003773584452401,0.0004172112567509,9.376034419747382e-05,0.0018324344783466,0.0002519788055507,2.5651743356641797e-05,0.0007232004107425,6.260721418418004e-05,8.403716901380787e-05
4.152881147904484e-05,0.0002832485656687,8.738631910668038e-05,0.0001298610165847,1.778674968394067e-05,0.0007427583138988,0.0001504776803317,0.0006841340829033,0.0003922629616673,0.0001402358908746,0.0013980191369895,3.419832725926446e-05,0.0007751969235327,9.318580129528513e-05,0.0004451203861671,0.0003049548661657,0.0005660310687481,4.8131749667775256e-05,0.0013573214210082,0.0001944899825547,0.0001168989497589,0.0006895311357904,7.35349372971139e-05,2.110305589075282e-05
2.9770492902105285e-05,0.0001475710202032,0.0002931378633051,6.831628796460678e-05,0.0001099933700571,0.0002709103112323,0.0003011367651284,0.0005989475726892,0.0004798570163978,0.0001279497824809,0.000482853649326,6.1781991056772495e-06,0.0008237399259588,7.654056737433608e-05,0.0003570528507356,0.000158064302592,0.0005869184850761,2.026093218116341e-05,0.0010283059787471,7.306039748662983e-05,0.0002903004595725,0.000468791448644,0.0001141376656846,9.174981229605948e-05
1.0436188408646775e-05,3.424154572023923e-05,0.0003831363477053,4.546905474993871e-05,0.0003981852299484,0.0005052803287482,0.0002201460678674,0.0004991881403789,0.0004752020410801,0.0001333326826316,0.0001862014940708,1.4570300549566569e-05,0.0008276257448499,5.830458623601072e-05,0.0003181316872486,9.487914651466256e-05,0.0003417109193715,2.1439503095387733e-05,0.0014370218843489,0.0003282813210149,0.0001339795809024,0.0001363167357471,2.284471171700684e-05,0.0001691501249595
3.814354892031186e-05,0.0002917458604178,0.0002242505273653,0.0001717040684608,0.0004388554602837,0.0009583087481827,8.905024592787412e-05,0.0003889910230955,0.0002352353247453,0.0001195947102254,9.103642687734164e-05,2.3143257366914325e-05,0.0006483233163222,2.740942534884894e-05,0.0002798698790733,0.0001215052985889,0.0001883290601028,3.9164185669385546e-05,0.0017390374038592,0.0004468945788363,8.792192583857486e-05,1.2535485385755434e-05,6.228069104354623e-05,7.495943574289016e-05
9.191777696338552e-05,0.0005276111539252,0.0001480817925825,0.0002223389388907,0.000170970652762,0.0007896261877844,0.0001729865590424,0.0003526960976569,2.7297286938960863e-05,6.900557994499943e-05,0.0003107726281255,0.0001586865997547,0.0005241221885099,6.636249353186278e-06,0.0002167042950987,0.00013391689908,0.0002526995887396,5.989254173057199e-05,0.0013083139520527,0.0001815245798829,0.0004475569894358,1.840864022398001e-05,0.0002210551466216,7.510400469008672e-06
0.0001022750915595,0.0003436992307151,0.0003189179776292,8.811865708703958e-05,8.089562966084312e-05,0.0003580764134631,0.0003138204639449,0.0003532205430093,8.676655132086644e-05,4.0050725903924485e-05,0.0007821533987287,0.0004419736948669,0.0006196791256363,5.339239523118188e-06,0.0001642405602959,9.598414424014646e-05,0.0002458689403621,7.665975386021183e-05,0.0009601293560676,0.0001795517125119,0.0005547537960214,0.0001674100830043,0.0002077645229581,6.860853856605687e-05
6.768218820183189e-05,0.0001418491415904,0.0004232738345827,1.4005911594535567e-05,0.0003431930994216,0.0004685067075802,0.0002904328640495,0.0003158538065239,0.0001899778942065,6.754204378084822e-05,0.0010064336580778,0.0004749209713495,0.0007079306563654,9.081605340375745e-06,0.0001425504159693,5.354826856728465e-05,0.0001247981366667,9.294800294687317e-05,0.0013334326693564,0.0005169729348184,0.000319345235702,0.0005006449670341,0.000202116188993,5.90892091489572e-05
5.320113263085209e-05,0.0003691299049804,0.000268718834233,0.0001434550660655,0.0004996215866966,0.0008694423062959,0.0001321573632224,0.0002218565779699,0.0001178456718554,0.000122166375866,0.0007465870503259,0.0001502289830942,0.0006448576919171,2.317346613009913e-05,0.0001277330464563,8.094194894028773e-05,0.0001239646055054,0.0001207469268766,0.0016708513944826,0.0005148771039943,0.0006334124287875,0.0006998883726917,0.0005255454600337,5.291830667428511e-05
7.669356561573851e-05,0.0006481190730997,0.0001411902896062,0.0002515375152484,0.0002754208355034,0.0007775305948299,4.3289354667676526e-05,0.0001011427661976,6.39897071155224e-05,0.0001563278952013,0.0003162933077721,4.472882083734878e-05,0.0006552080461403,5.531597106934623e-05,0.0001023752863807,0.0002020585159683,0.0002044237745917,0.0001736346680615,0.0013317400325444,0.0002048858705071,0.0013651224724254,0.0007459793997679,0.0008529256538122,0.0002565694363498
8.671837020962047e-05,0.0004924154090008,0.0002588827118875,0.0001547710456694,5.734994342685576e-05,0.0003201616466658,0.0002384859209611,2.5126786993716627e-05,0.000149082853411,0.0001327004968582,7.57286488944e-05,0.0003314599318693,0.0008355040812726,8.055672321026101e-05,8.000007552271188e-05,0.0003163966306948,0.0001805861206539,0.0002581367215114,0.0009628931484565,0.0002160397159013,0.0013744030355628,0.0011024419024156,0.0007808843336374,0.0004270137520758
6.044791911823296e-05,0.0002285408007801,0.0003757096196904,1.8395646174889315e-05,0.0002015342963176,0.0002414171825519,0.00056450691673,2.945282699040304e-05,0.000165627072035,6.36088897309499e-05,2.7185984364352445e-05,0.0004172870999867,0.0009406112374866,8.837560037171216e-05,8.361716678413973e-05,0.0003288578722243,0.0001529401330005,0.0003496006905185,0.0011553625929648,0.0004755118768324,0.0009120772057919,0.0016181155835317,0.0006528036354647,0.0003901729106721
3.7528421219014106e-05,0.0003613357676516,0.0002585800113026,4.115622126703743e-05,0.0004322862303652,0.0005516758149421,0.0005878083627283,7.029661184867499e-05,0.0001098473498855,1.7066216060035493e-05,4.837931378194564e-06,0.0001768843328612,0.0009072235950397,0.0001118734855113,0.0001217539144616,0.0003367823128621,0.0002476930587755,0.0003944885946373,0.001359678168232,0.0004444386632178,0.0012207390164602,0.0016155009246578,0.0008874004179455,0.0005176153295964
4.1025784191212015e-05,0.0006264611822195,0.0001112036613054,0.0001349923887005,0.0003496582872297,0.0005946710669764,0.0004009619523414,0.0001382464265531,0.0002326435087774,4.2536270832848e-05,3.595747155231284e-05,0.0001310032294051,0.0009763312456413,0.0001571419818983,0.0001707635426955,0.0004697125808217,0.0003073997740278,0.0003844953427684,0.001036940112193,0.0001656726632682,0.0019209283796872,0.0012914052182471,0.0011422495171974,0.0008681557921865
4.282510143247191e-05,0.0005213048219226,0.0001764929504173,0.0001235270764486,9.605929262840965e-05,0.0002550125795214,0.000497032397066,0.0002716295983628,0.0004451754498082,0.0001073623031245,0.0002194575816329,0.0003058309204062,0.0011529798803157,0.000179593684921,0.0001897511550607,0.0006253752911225,0.0002537930121413,0.0003853072205115,0.00066537656012,8.689855979902545e-05,0.0017384380773119,0.0013950311651807,0.0009870391710061,0.0009273608196743
2.7652656980599808e-05,0.0002488839342111,0.0002978087549244,3.31825533252427e-05,6.911661297135174e-05,8.835605463801996e-05,0.0007097135198264,0.0004058820919711,0.0004045825310286,0.0001213446611802,0.0003625974794425,0.0002864142397392,0.0011828562250846,0.0001722966248458,0.000183517222565,0.0006548680199182,0.0002743624559317,0.0004233071952885,0.0007849965760174,0.0002867809666246,0.0011320773623152,0.0016984168105986,0.0007456555366664,0.0007252497996065
2.217188112902723e-05,0.0002976013717063,0.0002279477564258,2.3947386020266597e-06,0.0002635088234875,0.0002975386920928,0.0005057710366875,0.0004287281746882,0.0001428503421132,5.716332556128883e-05,0.0002709146419468,8.626995476360823e-05,0.001096786947352,0.0001866704987493,0.0002172210431718,0.000666339348542,0.0003886785643082,0.0004248736922802,0.001018463593246,0.0004283940913351,0.0012981510524825,0.0014678695211476,0.0008877219334901,0.0008241801319184
3.987844171482508e-05,0.0005192658957834,7.276776647838382e-05,5.105624667146941e-05,0.0003314013285223,0.0004411942288993,0.0001160645346067,0.0003970248693543,6.4668184643095945e-06,1.109118228294611e-05,0.0002981085073182,3.295862866968354e-06,0.0011444516354985,0.0002330337025071,0.0003183865161791,0.0008061156457865,0.0003837677749467,0.0003583185343357,0.0008151734063958,0.000280984428763,0.0016996981450746,0.0009547677935582,0.0011471927057465,0.0010722919921587
5.806483236580522e-05,0.0004563368705268,7.358405100383961e-05,8.741449171417014e-05,0.0001694660041214,0.0002601321926727,5.1391870579175626e-05,0.0004482851583898,9.951134320022058e-05,3.754635503321821e-05,0.000853306747086,0.0001605536419406,0.001251542017098,0.0002586294619638,0.0004119720135339,0.0009357029835188,0.0003076659098735,0.0003179397342791,0.0004712135007402,0.0001107760538418,0.0013193525742811,0.000847558795867,0.0010335966030525,0.0009305093703195
6.635078832768853e-05,0.0002127778865251,0.0001855223126795,6.268846702818561e-05,2.913076701807489e-05,4.787293816907339e-05,0.0001419711799052,0.0005394485093948,0.0002342091356436,6.82572814708336e-05,0.0015974232567256,0.000524068598915,0.0011738497571337,0.0002467835194829,0.0004278171943575,0.000907232475351,0.0003910021986158,0.0003545595543956,0.0005523502533218,0.0003038837035561,0.0007667140674379,0.0009741136977312,0.0007613474650809,0.0006661347262496
7.72201864955886e-05,0.0002044845411824,0.0001968127844228,1.457301231906693e-05,9.21824103031525e-05,8.497370079853354e-05,0.0001129371540996,0.000527497400875,0.0002656038071981,9.616759969051372e-05,0.0019151808679022,0.0008436157214178,0.0009815897434467,0.0002351324313864,0.0004036133189735,0.0008635819537819,0.0005359540850282,0.0003793443840564,0.0008753127375732,0.0006287702836966,0.0008756934729393,0.0008126656509493,0.0008551205737224,0.0007368711712092
8.686345024190249e-05,0.0003831280937119,8.391416996850677e-05,4.695171788155973e-06,0.0002245714703691,0.0002370584827466,0.0001520240752806,0.0004212857119713,0.0002545603577697,0.0001754813682737,0.0018327170697866,0.0009116502199157,0.0008983575329567,0.0002371305413793,0.0004124439481777,0.0009429107587666,0.0004822029378759,0.0003256040072945,0.0008432177742457,0.0005454492140383,0.001076633890247,0.000468129287461,0.0011743681982344,0.0008222326692007
8.050052526855381e-05,0.0003686364149723,6.560334301673865e-06,4.428246963981949e-05,0.000212039074577,0.0002471021489305,0.0003524011616321,0.0003470285345962,0.0003400324971423,0.0002468142232232,0.0017959804242265,0.0010264471684787,0.0008903393490099,0.0002320831311023,0.0004468819784665,0.000995086060443,0.0003393722210126,0.0002630762487705,0.0005283189324148,0.0002910295599221,0.0007218966450442,0.0003558907926038,0.0011566739671192,0.0005684962348888
7.349712007656957e-05,0.0001513811794275,4.394493930253182e-05,7.593652416074729e-05,7.587178297219633e-05,0.0001067610511749,0.0004714770265272,0.0003441128525342,0.0005256758665633,0.000275049381917,0.0018991277264515,0.0014548790299379,0.0007996534448343,0.000224174844091,0.0004530158317679,0.0008941583289752,0.0003883354511632,0.0002665180311729,0.0005448929242656,0.0005236461442565,0.0003192620656806,0.0004936907083361,0.0008699477031342,0.0003187887680929
9.050625287984389e-05,7.60223740829982e-05,0.0001150570637472,5.124049961175765e-05,2.5389775699731685e-05,9.682649285864807e-06,0.000409765060327,0.0003544639383988,0.0006685025358522,0.0003578398388085,0.0018846457972212,0.0017337148912926,0.000663372732318,0.0002323748430769,0.0004262955932881,0.0008052965489873,0.0005394715283799,0.0002949599343804,0.0009036880102116,0.0009595831529952,0.0003835560540888,0.0005730454765838,0.000888998459898,0.000358519200411
0.0001099617681543,0.0002241705472322,0.0001209953817763,1.4417560697656869e-05,0.0001378242243441,8.322648932375252e-05,0.000306369703379,0.0003371220781837,0.0006571197396813,0.0004380598924311,0.0016435383930449,0.0013766155796149,0.00060648018715,0.0002357933513858,0.0003950890865681,0.0008571628518015,0.0005118276582125,0.0002740109810789,0.0009661618904084,0.0008497012131603,0.0005337732392304,0.0004526496238102,0.0011795346675705,0.0004058744996753
8.93615467554282e-05,0.0003081668299702,5.921370100228728e-05,3.761566735248375e-05,0.0002367740749593,0.000235710765617,0.000257643850694,0.0002896603760154,0.00049810340293,0.0003246458242336,0.0013193209258242,0.000697979869079,0.0005942428407814,0.0001998012665472,0.0003531157428269,0.0008736229843971,0.0003478877688447,0.0002061144732996,0.00063028117669,0.0005084655463615,0.0003672881707707,0.0003417526246317,0.0011371571458168,0.0002477320263722
