0.0002249031913452,1.3730314436098175e-05,0.0005768265166819,0.0007198372615794,0.0001699266043877,0.0016853225217015,0.0024414791844102,0.0077128010648277,0.0018405871377172,0.0072968900312608,0.0002631846853258,0.0105188457382821,0.0004468912352182,0.0006016241760226,0.0024386768455659,0.0003144361613337,0.0027563644087806,0.0001755335933228,0.0013900049861211,0.0022356953962723,0.0005008560183503,0.0042441746539001,0.0005233857169525,0.0012418718730623
0.0015280106799223,0.0001852004947366,0.0037333420902187,0.0041426606762162,0.0008973925595511,0.0092424400009796,0.0106396738787302,0.0307961391932471,0.0090622361073154,0.0318205379766662,0.0010461010085724,0.0447147402975483,0.0035786891406377,0.0027273962242619,0.0122035090897346,0.0036549612543463,0.0126653922057046,0.0016147489089853,0.0102286750089677,0.0121475010490819,0.0069378979738014,0.0214314975462878,0.0067678105173429,0.0101387118963381
0.0048241255055933,0.0006748977086369,0.0104888131445581,0.0099274991378734,0.0019521526077735,0.0206934950490418,0.0160667595320965,0.0373414451009904,0.0166160929146977,0.0466870165677346,0.0011073447105037,0.0632698525831247,0.0100745796731562,0.0036140949738996,0.022624149139751,0.0120497689358323,0.0202059560909772,0.0035080333193659,0.0300844625690386,0.0264931975785694,0.0270033139040968,0.0419956215249294,0.026284811595308,0.0322911549448086
0.0100706731870623,0.0010129785407874,0.0174227059489799,0.0134255930222215,0.0027738137450285,0.0257166367121618,0.0114336755944822,0.0110714178908171,0.0141241415446201,0.0249557572499577,0.0003176389274631,0.035771093372169,0.0122189415443501,0.0008528757990339,0.0183955974933244,0.0161067112080331,0.0121108060416182,0.0017677456085479,0.0456056001561917,0.0307672396259068,0.0472150678899743,0.0421141534962569,0.0468578501885238,0.0524695162058035
0.0158441818338382,0.0007304359174847,0.0183648315631072,0.0105536062915278,0.0043054730342161,0.0183038476383327,0.0103991084908668,0.0065133032739052,0.0045655883669783,0.0044245555393222,0.0042781709479995,0.0251612613292599,0.0056691680064076,0.0055603523613708,0.0035594407044954,0.0091880365088355,0.000938086486153,0.0059560649226751,0.0345837709227916,0.018079233056441,0.0408614630646414,0.0196588427979028,0.0409555078856697,0.0435965122353884
0.0197854164402676,0.0014461342086782,0.0117188440038099,0.0040570865175396,0.0089912514370365,0.0062502095459043,0.0256352061254433,0.0559088539362154,0.0044025840914892,0.0331912696322266,0.0199211422741542,0.0852804298286223,0.0088507262741412,0.0340387997238189,0.0084585730587178,0.0137894303277746,0.0153866059607574,0.0374595300943563,0.0080331167558452,0.0026409570591365,0.0190908949148834,0.0018407573976482,0.0145633160442492,0.013114930900807
0.0196100475107593,0.0058817662427921,0.0039102664998168,0.0013911768337425,0.0170940866475554,0.0020550785452233,0.0415224402507979,0.099339401683556,0.0193338134506353,0.0810864551134467,0.0427714872772181,0.1462302056886704,0.0414004374565887,0.0734421973598008,0.0502775298109993,0.0527690912074886,0.0561693146670325,0.0802877883223426,0.0051247301664124,0.0039736288506895,0.0245309962265983,0.011097616205494,0.0115759311545252,0.0051308320130579
0.0145293805230384,0.0127833450262746,0.0022907343319603,0.0049077023436335,0.0237778657798062,0.0072955956733704,0.036890943347997,0.0824372356319469,0.0348002985676169,0.0838213145503293,0.0548793836319222,0.1218458064955765,0.0820849026761416,0.0827457122529092,0.0980572955152605,0.0979297607826022,0.0869219348962107,0.080136734608195,0.0331738503775549,0.0219837229248733,0.0564690256894088,0.0383858199996076,0.0445938162511441,0.0348896406542683
0.0068459560009555,0.0158536643188448,0.0064687806713478,0.0080171912924169,0.022781935883058,0.0131156183978417,0.0187392644670745,0.0360909195943565,0.0373902797310008,0.0425848713736518,0.0435644578823074,0.0485941173194287,0.0863890073703402,0.0491674042332362,0.1025169609987771,0.0993754032021451,0.0774296549604051,0.0330265288565341,0.0533262028166388,0.038314481317229,0.0659164093558764,0.0550991677008234,0.0700867381718831,0.0628674183716964
0.0019798173533056,0.0113283007267161,0.0103198258428226,0.0050057982715602,0.0140039941311982,0.0152709112883339,0.0076662024808092,0.0098362761779728,0.0304292397590454,0.0099412348043367,0.0193739535002093,0.0117767315197833,0.0492055193956455,0.0110070758577332,0.0589044343487963,0.0582889438150779,0.0385230072357442,0.0034454539432235,0.0412121552661179,0.039165865291336,0.0379752265169718,0.04538284664209,0.0565611612819801,0.0556100319567568
0.004757792046272,0.0040072439259659,0.0106253899850733,0.0015272389931793,0.0048520350075082,0.0199071789297964,0.006511987606208,0.007196979109359,0.0217652349898,0.0065896261089934,0.0059197682890198,0.0163829248656425,0.0116099966445885,0.0014426020521942,0.0135143018442494,0.0195482270098623,0.0065111821677837,0.0161889978957432,0.0172970469309914,0.026878647049452,0.0098752742933476,0.0237778614039738,0.0258548239897178,0.0284599740716993
0.0139260615405136,0.0012259709352169,0.0092263716413028,0.0085276400083315,0.0019755636145669,0.0313832147011697,0.0055606406292466,0.0106063820428347,0.0126386057528638,0.010293557724035,0.0119325096393198,0.0177000644028348,0.0032166742628999,0.0076856099216481,0.0025825688761827,0.0067310023774162,0.0022588224660516,0.0242539461227302,0.0045138146626652,0.012863969733306,0.0029637631398783,0.0173241968968202,0.0076050232285681,0.009700934992637
0.0216384031318918,0.0031184847201282,0.0081521750397502,0.0257195697443156,0.0037546988771524,0.0425708216068504,0.0031313914266519,0.0097268049131446,0.0054616500064337,0.0056044425319639,0.023093616555306,0.0072889770912265,0.0127119514218026,0.0069461205973776,0.0124751119008362,0.0083890174301639,0.012494023793865,0.0102575215756478,0.0018241135828074,0.0083247880311407,0.0056073317049382,0.030013130076183,0.0034826873251865,0.0050698362340153
0.0210421982757264,0.0044836025633587,0.0077001814581763,0.0388116595639043,0.0039877391665041,0.0442242077351363,0.0029346658917289,0.0030726158687682,0.0062080579677025,0.0007932272927791,0.0232177700733247,0.0036334871840531,0.0167856938237829,0.001589533562671,0.0133798452841405,0.0101506833569785,0.0130200892402862,0.0098380962036186,0.0074484239630131,0.0168680449575735,0.0164436388188578,0.0384281744270405,0.0082996036997905,0.010168269977114
0.0141725838228018,0.0045061236551065,0.008487328954691,0.0369923768747692,0.0013330545220406,0.038770188484635,0.0036491963016793,0.0019457369658259,0.0127217749499534,0.0056613223402292,0.0130853652070005,0.0100012228317146,0.0101590521735102,0.0003079631203064,0.0045208085677452,0.008620185525746,0.0037462031767153,0.0242602902983897,0.0230730687898216,0.0285632426277728,0.0400898462421494,0.0282180582596298,0.0204707093517853,0.020059189741961
0.0094445909548357,0.0072611796326582,0.0103418218545544,0.0268347596409803,0.000477616881717,0.0360411663967009,0.0033683201779592,0.0155042015033169,0.014889966245007,0.0176598019543505,0.0037862074176509,0.0184650903572343,0.0036243061411059,0.0011723482963563,0.0027408635497862,0.0086041731398526,0.0037659165799947,0.0201935218449586,0.033811525168732,0.0286764668847291,0.0569766675416687,0.0140118413515098,0.0288280211443023,0.0230479568768491
0.0108597872093021,0.0123476344217361,0.0100310179408965,0.0223186155318123,0.0037145710825787,0.0375078479037971,0.0044431664509559,0.0284723525250135,0.0098069739423366,0.0272713083688481,0.0006904602190247,0.0224435536977444,0.0066833324662283,0.0035182148656665,0.0078709551803029,0.0169371576768039,0.0139868081177875,0.0055393712746237,0.0255003227197474,0.0176352555709914,0.0508130986403946,0.0111316803936865,0.025550482017232,0.0149977397118637
0.0132743360856301,0.0130702479191354,0.0056641338466666,0.0252672092683482,0.0065703558257325,0.0343386383687308,0.00760243624826,0.0225903659029793,0.0042169830750395,0.0278199628453893,0.00107132719951,0.0162510141051918,0.0149420711555685,0.0085951839418218,0.007519499830807,0.0276337200557014,0.014961951143401,0.0088813763693221,0.0133007105487089,0.0104100419010581,0.0382425719724712,0.0116619529181905,0.021556604224146,0.009879594866125
0.0103834056538655,0.0069105114528868,0.0024532599611869,0.0245469440681843,0.0046678305692061,0.0222781484165188,0.0096155312550236,0.0073744099140288,0.0021303509624337,0.0199519409496874,0.0023143826906365,0.004100646857999,0.0157255714868419,0.0106199955206294,0.0022546520065172,0.0256984765233628,0.0045427020448135,0.017538713509303,0.0154119260953993,0.0119488787818183,0.0336636879137372,0.0053787706761428,0.0228825314973105,0.0132233476267493
0.0038720423058807,0.0009453629326617,0.0072350265342015,0.0141521467936535,0.0009649749893798,0.0093502939218824,0.00897251425022,0.0019034434398297,0.0018972853144896,0.008828660572483,0.0061397798718997,0.0016653645841551,0.0072082736829244,0.0069618780272305,0.0005589742801895,0.0143886856268814,0.0002834400092405,0.0104667081588148,0.0191066416391298,0.0110790738856675,0.0260988285009124,0.000559454691327,0.0185260475445055,0.0107392484095991
0.0006688957985865,0.0022026541052931,0.0171668307735453,0.0026399271091505,0.0015924622847222,0.0044547472636502,0.0072208753870335,0.0073729418389204,0.0034091643746108,0.0008370909050877,0.0155583848783381,0.0152376697093314,0.0006507854446405,0.0045931719566958,0.0008736649295988,0.0107371467155161,0.0032107872106183,0.0011199702426751,0.0100912245945924,0.0045546725418267,0.0159728196047189,0.005641784331371,0.0110564641212904,0.002459826668734
0.0031792530116687,0.0078157965050827,0.0217509703453766,0.0007388889187701,0.0064558342224476,0.005471286576525,0.0052472962096699,0.0158567586658915,0.0076962973338965,0.002605907446306,0.0291597120487744,0.0330926557955802,0.0008255367682235,0.0054163834856789,4.109794675918703e-05,0.0128297166997014,0.0012318492293821,0.0011784909177153,0.0055031936149775,0.0049319423205591,0.023203572654817,0.0119440557327247,0.019503747130784,0.0093868928563968
0.0071502570733715,0.0101164805332841,0.0178501219508616,0.0068334293995691,0.0091015268599036,0.0049552240647348,0.0032993256434999,0.0224775632821193,0.0119217230999907,0.0144853586083387,0.0384603925166038,0.0423071331891763,0.0013792885099028,0.0042545971081888,0.0047588870795837,0.008871115214803,0.0021895012361344,0.0012883797080397,0.0198556552462041,0.0156898189787091,0.0430556557639005,0.0109771487708364,0.037955931022833,0.0291881980369373
0.0089609873445375,0.0078108890825586,0.0143995418715605,0.0112693543669499,0.0060709861845099,0.0028287027969938,0.0026280855918692,0.0218259157035918,0.0123424169809572,0.0248243275696253,0.0347438288871579,0.0400174597716029,0.0009225512888438,0.0032733061425645,0.0155560870698525,0.0089892155652566,0.0170628838506796,0.0036107701355761,0.0325766669131127,0.0220084945425134,0.0480980830451972,0.0091894416655775,0.0392971842462894,0.0329291157620066
0.0100091877256028,0.0059235283792933,0.0177448638732192,0.011244558978788,0.0015122479757635,0.0054570099261925,0.0033930114696397,0.0130903543766446,0.0095204090187622,0.0225475109161152,0.0211812264284989,0.0295873736797014,0.0033295875560457,0.0066743369096109,0.0186159663922742,0.0246395882851032,0.0271889608610526,0.0144086131179373,0.0270760111474752,0.0177564834397876,0.0398355564738213,0.012478816842809,0.0278975207519507,0.0207531240928017
0.012236778352067,0.0067248496687153,0.0216879717137256,0.0126665746922491,0.0003856927490994,0.0142355178236222,0.0036443268202478,0.0051700178712739,0.0061553598248176,0.0120526561934562,0.010822992141329,0.0170400040286344,0.0051756148961207,0.0088246906478124,0.0101311525509932,0.0390324615295733,0.0170105194588856,0.0191167288004381,0.0214709746959229,0.0157944771667244,0.0419171825799959,0.0158902295736018,0.0314327864909116,0.0228024474423169
0.0142002940369453,0.0073530873392075,0.0179902552281443,0.0188964641640521,0.0019599178432158,0.0229308281888033,0.0023093473691719,0.0044219841711714,0.0035921088620578,0.0047715521659631,0.0103991404017027,0.0085025388673403,0.0025761149999359,0.0059607817301163,0.0048495016589475,0.0357504799963852,0.006810936351628,0.010604425424226,0.0309495584039001,0.0227198868531253,0.0525203322902944,0.0160639627824611,0.0463788337573545,0.0407762030543589
0.0138057063386048,0.005600626088415,0.0093050711491072,0.0250666845015741,0.0024658464175682,0.0261089746162506,0.000750386079142,0.0064899886657852,0.0019449335805427,0.002993686891908,0.0132361333696306,0.0052734200630636,0.0014568630001056,0.0047658681945016,0.0095517250767832,0.0263704538993007,0.0136800085523793,0.006274345791998,0.0399817478714683,0.0276517206313743,0.0509841162021806,0.01643505345849,0.0456296124186592,0.0448112478783067
0.0118403169851334,0.0032121067626959,0.0043066381021856,0.0252466865716885,0.0012744083344537,0.024570034597384,0.0004371719519025,0.0058546319890526,0.0010755040044712,0.0021087551565259,0.0117856317061042,0.0046995373704813,0.005775630313393,0.0078758763201119,0.0124252207851112,0.023768345892061,0.0199639280703219,0.0119740306580393,0.0349103944369686,0.0243573588745134,0.0375666599013367,0.017529732007887,0.0305285382765629,0.0299301734426966
0.0102560306107585,0.0026018318352981,0.0046552010993183,0.0201779162077832,0.0009187949602444,0.0213695725505075,0.0010614540823542,0.0032710477359877,0.0011113665872069,0.0007485993292492,0.0082736477382423,0.0050332871747927,0.0086180548274819,0.0085921588270538,0.0068765923446533,0.0215158794355563,0.0121430205486092,0.0125325952983529,0.0276222344374586,0.0220680836899755,0.0281076606971624,0.0164085063747632,0.0248310815965563,0.0220243020018525
0.0090014814357047,0.0035742399644771,0.0048489969622243,0.0148869848769746,0.0022565115267675,0.0171413257155585,0.0015023806801249,0.0015606791367185,0.002509652864858,0.000159446259729,0.0078002037305323,0.0058413832814032,0.0060100758603034,0.0050338901371449,0.0018701176130851,0.0149733136196914,0.0058402977004876,0.0053468288711044,0.0286008160031717,0.0261701138050339,0.0244430639878886,0.0146535533692912,0.029118796593956,0.028046522591473
0.0069074639774755,0.0044292341970362,0.0026756227355762,0.0117284600035025,0.0031377143830789,0.0115288337425684,0.0013009724720458,0.0012807403237666,0.0046433835061631,0.0002549781541449,0.009271253639989,0.0065864074252332,0.0042070137506072,0.0024222395457427,0.0033434296908892,0.0106614467482199,0.0100039523169256,0.002057278918062,0.0285145759978973,0.0282620237836124,0.018235534054934,0.0151551322291932,0.0252284728900141,0.0282952401953755
0.0042634592818352,0.0042636183660735,0.0018259426162495,0.0091377270740053,0.0021060402346206,0.0060019948520255,0.0007387084847678,0.0017141270822649,0.0055031334634703,0.0007737116632651,0.0092014370107764,0.0074087078404856,0.0065001471332483,0.0019985805218594,0.006062020505251,0.0094378645333057,0.0112121164941528,0.0033012584137953,0.0198649447880423,0.0227354711904288,0.0096377566241724,0.0150256261126174,0.0125916994227511,0.0163074717058705
0.0023527782371141,0.0032645072658368,0.004125591999885,0.0057640785160284,0.0006198784939366,0.0026091345207169,0.0002242001091278,0.0030130387585841,0.0044583367072845,0.0014956438793698,0.0081276262909011,0.0088744637213734,0.0078546083103667,0.0012399884731728,0.0056419567395415,0.0061427067275595,0.0045686340645903,0.0026438999095616,0.0103734472480402,0.0159559320352168,0.0040731798780212,0.0111350049250416,0.004785030797485,0.0063133264461919
0.0013942886040205,0.002050492487495,0.0060932609723297,0.0025758565538729,0.0005351600150036,0.0014845942861771,1.7154608178900194e-05,0.0057869471857883,0.0031490446887125,0.0015239285035668,0.0081298656119784,0.0104931476637353,0.0055008666586326,0.0003118418132092,0.0033359535744871,0.0021548524551986,0.0002889505335739,0.0009814971651746,0.0065277432408005,0.0131436682941437,0.0023479385692761,0.0066814156994347,0.0036351654230532,0.0045349245083402
0.0007621990807866,0.00134285535083,0.0049133014130103,0.0008347636494538,0.001354085068219,0.0014459632197989,0.0001933637430341,0.0086883266606035,0.0024556648707137,0.0016992857080555,0.0086525207793658,0.0111999075362101,0.0026375375313613,0.0001289492852377,0.0013267556029847,0.0010115085140165,0.0003778538339071,0.0003914818708507,0.0046189426885393,0.0107473368230981,0.0026126314670716,0.0050818415425252,0.0023119336422769,0.0038400073514961
0.0004672580244094,0.0014319140180497,0.0025926257621104,0.0002954913203505,0.0014157474116789,0.0019612172062656,0.0005250118267389,0.0090548137218721,0.0017524640607094,0.0041396059549923,0.0082408253491362,0.0106166683619327,0.0021644392548798,0.0005138689265148,0.0022203154270679,0.0014652719529642,0.0002004416541474,6.984052224735769e-05,0.0017539763688753,0.006037517745415,0.0033902836304541,0.0043025633919306,0.0005576347003906,0.0014600306147299
0.0008137733487123,0.0017112596863459,0.0019237230586916,9.336952211973104e-05,0.0005769041733356,0.0030333899353538,0.0006127216840429,0.0068830358311625,0.0015745719199512,0.0075804552727608,0.0069696621370414,0.0090962979536721,0.0042996551544224,0.0022448059348406,0.0067674172400119,0.0032146374777489,0.0019725553872716,0.0010813799494035,0.0001193272385899,0.0021974602752107,0.0031810290951468,0.0022398251181958,0.0006152724231669,0.0004184722190235
0.0012516385125657,0.0014021362834768,0.0022487725926412,3.1863441735956587e-05,0.0001137589947195,0.0040046556913885,0.0003761593990527,0.0047000893781145,0.0030921322927119,0.0083651775272174,0.0054527591939641,0.0073606414717527,0.0072284285912809,0.0047532269489398,0.0096830937049146,0.0072278749833478,0.0057029802392178,0.0026768280004551,0.0001310912691474,0.0011729130849834,0.002398410459578,0.0005970397557174,0.000654376217828,0.0003669766057571
0.0010376179066694,0.0006745839736233,0.0016569795226623,0.0002670292373172,0.0005140846458569,0.0039313657679031,0.0001248132606086,0.0034366495181501,0.0050392737188497,0.0062394705448027,0.00408308617761,0.0060412544938766,0.0078432549107772,0.0053663433702733,0.0072427837797342,0.0101341213498549,0.0052856911044073,0.0017038858673076,6.818056356991392e-05,0.0008219252371864,0.0027864212357924,0.0004315081277027,0.0001335212006262,5.565611393493825e-05
0.0005034961659931,0.0003248918626953,0.0004640029287608,0.0005606003866448,0.0008832360225325,0.0028295031935557,3.945032865275588e-05,0.0023236629597848,0.0050393013818759,0.0039634088565202,0.0034685106433901,0.0051609918702813,0.006407986083015,0.0049224680017504,0.0053230572436121,0.009533906968556,0.0031270984122615,0.000442470613324,0.0001882034015132,0.0001261558381383,0.0034201519286098,0.0003448072082749,0.0008330422643586,0.0008328545574528
0.0004044280386903,0.0005025102597339,6.534150482401019e-05,0.0005348119532357,0.0005686682346456,0.0015720971481874,2.3770066871310556e-05,0.0015165493754314,0.0033543495095282,0.0025703212068142,0.003618096762486,0.0043351131687758,0.0075213213513976,0.0066862866318129,0.0087041885088838,0.0089829789981952,0.0064467355858407,0.0021118056674043,0.0009206563989601,0.0001788410625111,0.0025692930032505,0.0001097459887688,0.0015919919592701,0.0020102568459308
0.0005717622786975,0.0005916480754213,0.0003305658372948,0.000255294073762,0.0001307329237704,0.0007649301410876,4.3113466109909606e-05,0.0013190059776228,0.002072921409667,0.0013684094034149,0.0035974219796233,0.0032549764077956,0.0115856001537724,0.0088585231086696,0.0112004902534788,0.0100175306292672,0.0104229522692065,0.0028874403609324,0.0010092086974352,0.0006524809313227,0.001802751777738,0.0006434340806689,0.0007332733419467,0.0013602022369456
0.0004136288033581,0.0003007945221614,0.0002933959701606,7.288555684655009e-05,0.000283755500764,0.0003923840455327,0.0001104502922865,0.0010082202449758,0.0017535114874826,0.0004119129253925,0.0033528805887489,0.0019344297973549,0.0125922203390167,0.0074713815045167,0.0077663649019507,0.0089362541911464,0.007402368170485,0.0007642959127725,0.0003814933218876,0.0005242127020355,0.0026415921789212,0.0011927856517408,1.2324050890552622e-05,0.0004117800705023
0.0001665858392935,4.266674501061456e-05,5.824305946980761e-05,0.0001067910619157,0.0007553148998653,0.0003156542588347,0.0001264913879891,0.0004118139625826,0.0014626604788131,4.255094026539215e-05,0.0040462416625136,0.0009901095955857,0.0088165248018105,0.0042408607383349,0.0041508843885793,0.0050983090206344,0.0029569562342745,0.0003644770372715,0.0003536433823899,0.0005246304543866,0.0032423437595035,0.0008870911015365,0.0003850481626674,0.0012651137716421
0.0004075358612575,0.000130168125336,0.000245818572807,0.0002045171780106,0.0008057135158258,0.0005034625857923,0.0001343685116724,0.0001589169655142,0.0008611346203536,5.5789601621829466e-05,0.0056248111719071,0.0011223003425361,0.0060830279540348,0.0027315073223441,0.0047690483685785,0.0021638937437264,0.0037308893359561,0.0017837909842756,0.0006616463418194,0.0012576640957239,0.0026876014762186,0.0008839220586891,0.0002488274699982,0.0018429836506483
0.0008052667597539,0.0002905606238829,0.0005629785720575,0.0002520230006574,0.0003769240017512,0.0008628975917215,0.0003157430447831,0.0001535016916958,0.0003954228380518,0.0002835618575244,0.0064726212927633,0.0019440067800551,0.0070523811558737,0.0019799363250109,0.0049273691640154,0.0012691330279581,0.0046824687882426,0.0010937831836515,0.0003572364286463,0.001514294317681,0.0028676062869191,0.0017553417846815,0.0001330823196611,0.0007317883151591
0.0006705858605644,0.0002211745707533,0.0004487849977784,0.000263082566819,3.601472976653413e-05,0.0012474902470375,0.0005485773600319,4.889195041820764e-05,0.0002859221772015,0.0004866287315864,0.0062721047901287,0.0025417545245229,0.0076574138980742,0.0006480903724721,0.0021677012457824,0.0011021568590429,0.0021297997385449,0.0008366226870364,1.4071645864466544e-05,0.0008414597877142,0.0038182850071247,0.0020449770429529,0.0014119692590922,0.0002670803002349
0.0002491899972206,4.749005859533162e-05,0.0002018085404416,0.0002560138823152,5.673561011844793e-05,0.0015459484170494,0.0006123570149369,0.0001429361391125,0.000328467384201,0.0003870564504651,0.0064501862538993,0.0028224054132651,0.0055201307300021,5.094993772569997e-05,0.0003283432442695,0.0012576427791103,0.0005093643171332,0.0033087798104139,9.65126798069916e-05,0.0004961716854898,0.0037023040138761,0.0013913111131324,0.0022117030114458,0.0009801458077186
0.0002752651852578,1.2028090842666232e-05,0.0003142002967301,0.0002408095291185,0.0001720778471824,0.0016115236834598,0.0006828685002365,0.0005514562909115,0.0002771022290689,0.0004055864268274,0.0074876905834876,0.0029579207601718,0.0029488305458444,0.0002627462719478,0.0005327813978239,0.0013835713922747,0.0011585372103266,0.0039283121088394,6.366365322251245e-05,0.0008591330918249,0.002870460492757,0.0012331614307705,0.0014933579371296,0.0007826892897893
0.0006554741844693,8.768137221494715e-05,0.0005121211713471,0.0002690234764849,0.0001319510000893,0.0013205594991771,0.0009526491116973,0.0009059729600591,0.0001983094630742,0.000919166210417,0.0080879675418831,0.0026044868480614,0.0023515166524261,0.0001520346014963,0.000365603042198,0.0014411898078379,0.000852742002255,0.0019238427787919,0.0001003276636925,0.0009067926269048,0.0026516655652705,0.0017463039365259,0.0019705671331864,0.0001133521054757
0.000682979303581,0.0001044414830301,0.0003572091826628,0.0003714055351945,3.319655665985129e-05,0.0008020376060205,0.0011717435794287,0.0010934079024957,0.0003251592581622,0.0013055292775289,0.0072658852322032,0.0017416038870106,0.0037631480016108,0.0004411814909518,7.04922609402486e-05,0.0024665112849029,5.250402407829149e-05,0.002352199757005,0.0006750789801479,0.0003976425657858,0.0024274045873259,0.0016347605948345,0.0040703659337998,0.0007212742117229
0.0002819265611861,3.9909777515768606e-05,8.390990743655182e-05,0.0004770370622134,3.1154874814604485e-05,0.0003708354112317,0.0011523252875096,0.001254015440234,0.0005168456330114,0.0011213927461589,0.0054911156939487,0.0009368989933965,0.0053956972472867,0.0016209230469904,0.0007418894721677,0.0038788151944623,0.0006373868527613,0.0041862388326849,0.0010061090596596,7.799141533740514e-05,0.0015677255181238,0.0008921426710219,0.0043701495125396,0.0013568687106601
3.1544080007433074e-05,5.221600201182901e-06,7.847714632066771e-05,0.0004784930326206,7.305112942109369e-05,0.0001697630717043,0.0011053932766743,0.0013508653953914,0.0004586855997216,0.0008596464113691,0.0036306903157409,0.0004232838969745,0.0052570273360177,0.0021939311566722,0.000939727999985,0.0036323099605812,0.0009877549236921,0.0029154037650237,0.0006949741927307,0.0001220078039999,0.0009855754109302,0.0006531775569315,0.0027624452712755,0.0006912999729887
0.0001190013572392,4.599563514241953e-05,0.0001717478955705,0.0003633312990121,5.495194686423517e-05,0.0001130015150029,0.0010844662787673,0.0012328838569247,0.0003908189545384,0.0007105065105588,0.0020572146767153,0.0001941924721607,0.0040628285346953,0.0018574290913064,0.0003417685795331,0.0022594717208286,0.0002687700411519,0.0010686101484994,0.0008734652517794,0.0001964585573958,0.0009274719429729,0.0008839423426821,0.0026977355527646,0.0005026374015002
0.0001723176594884,8.998354398662679e-05,9.201991002218794e-05,0.0002283339018542,1.5189545482498724e-05,0.0001673962903248,0.0008528452653892,0.0008553890530286,0.0007045066714132,0.0003756257866882,0.0008919460269698,0.0005120663279625,0.0045897192679446,0.0019471580975595,0.000726376240112,0.0017428035191676,0.0002745700311159,0.0019788632604865,0.0017001206458065,0.0002797504102724,0.0006388351069542,0.0007253985703929,0.0038542484366672,0.0015715038893192
5.629436344213664e-05,7.107176643293949e-05,1.828537052370349e-05,0.000169181663618,2.9210709967716568e-05,0.0003741557738176,0.0004680103585065,0.0004226144426608,0.0010464031180485,0.0001429181987458,0.0002437610740483,0.0012791394774242,0.0065714403753762,0.0022241015718929,0.0015934987195735,0.0015697913603698,0.0008448745750958,0.0024736291927963,0.0017317594968739,0.0003364267299683,0.0003044511955126,0.0002591948855794,0.0031185474791997,0.0017607875860314
4.124235378386227e-05,2.4666368209377983e-05,0.0001342033747853,0.0001880828530383,6.097366789035784e-05,0.0005912967099007,0.0002414636153785,0.0002513944331786,0.0008945181434232,0.0003804035495355,3.936474515547304e-05,0.0018264247557278,0.0066440905544764,0.00158109652519,0.0011198256563622,0.0006891421025215,0.0004901038180902,0.0009526479211096,0.0009217383904638,0.0002190546884855,0.0004219749383937,9.20146745515822e-05,0.0012500469840793,0.0007348778647399
0.0001874313401166,3.098648206259859e-05,0.0002119891163174,0.0002122673086099,4.4403019554009794e-05,0.0005650313696104,0.0001818696556876,0.0003496290368688,0.0005223040614369,0.0006578278097895,3.227565865524052e-05,0.0018115302446814,0.004336029406249,0.0006080474923746,0.000297595944813,0.0001158630043435,4.707315054431444e-05,0.0006146124154555,0.000727778022018,0.0002378545229145,0.0005061628137633,0.0001546964661319,0.0008872184531583,0.0006535757366921
0.0002306531098178,9.605081733894372e-05,0.0001178155324443,0.0001867350342524,9.054291200093071e-06,0.0003072897517241,0.0001037850277011,0.0004885601168666,0.0004040011681016,0.0006436686499975,7.507840395789559e-05,0.001403671816523,0.0026693006775744,0.0002590599310937,0.0006372931884368,0.000306157972374,0.0004571180828875,0.001471029140854,0.0010860861887566,0.0006595696449429,0.000306896535341,0.000109368043893,0.0011912415515206,0.0014461620407469
0.0001112294375868,0.0001417417527637,0.0001537325592512,0.0001342200344409,1.6186086164808037e-05,9.322613787305532e-05,2.536091609416964e-05,0.0006042026015412,0.0003941702313402,0.0006564676211796,0.0001980560490168,0.000791507565047,0.0027473468278323,0.0002797101248604,0.0009626618891321,0.0002603686273646,0.0006072902678794,0.000950601635603,0.0008104209717047,0.0009427154300166,0.0003098586126466,2.6720372240394072e-05,0.0005380578266309,0.0012028941320546
7.043727621510445e-05,0.0001185811747951,0.0004566035994083,0.0001147534281081,4.576973354379974e-05,5.367259982884263e-05,2.5509176876082387e-05,0.000638446800928,0.0002464256938939,0.0007504806312504,0.0003865508799601,0.000238803564984,0.0028908252585304,0.0003871981038067,0.0003648970673302,0.0001849789292349,0.0001374113138598,0.0001673115993704,0.000200657321362,0.0006640811645402,0.0004016710326428,2.4288741769890867e-05,7.579957805791643e-05,0.0003565223164465
0.0001861764094218,7.100447531879614e-05,0.0006317219893928,0.0001393072197327,4.228842836993522e-05,7.688732350251739e-05,6.492041472612749e-05,0.0004378508444747,0.0001154608178169,0.0006410615859917,0.000480301334544,4.61285900933015e-05,0.0022351967580783,0.0005810112031756,6.060498836102412e-05,0.0007455550703801,7.917756763050569e-05,0.0006439122749475,0.0001417537293086,0.0004093881633421,0.00019289099602,1.4058161592326447e-05,0.0005489371948702,0.0004123258665292
0.0002621832917283,6.520395790607769e-05,0.0004159229353544,0.0001559893410108,1.599705286593076e-05,0.0001224053152236,0.0001357932615344,0.0001569748444947,0.0001099471649577,0.0004431497844513,0.0004266914688827,0.0001474134438072,0.0013853224680051,0.0005458295667442,0.0003817575661148,0.0010784967906331,0.0003437804489994,0.0007623960364226,0.0002170965230057,0.0006366845380759,9.279264588669134e-05,6.205355357954005e-06,0.0006280396855563,0.0007179714003488
0.0002063299032042,0.0001039267334121,0.0001536331627153,0.000124689937087,1.4199719441183629e-05,0.0002845636435909,0.0002341901875941,7.980053548400972e-05,9.61864558553372e-05,0.0003514485125172,0.000423433738061,0.0003120515506293,0.0011046443528745,0.0004452023669538,0.0003048037291179,0.0008219244010508,0.0002164480724166,0.0001261160525924,3.775921437480994e-05,0.0007831263396606,0.0003429102054662,7.141055543805834e-05,0.0002721643846408,0.0003252640449672
0.0001467554708309,0.0001425028547642,0.0001890604618719,6.63504838551445e-05,3.41191834566019e-05,0.0004978368278332,0.00024497825695,9.715799475997047e-05,4.11162739119936e-05,0.0002150346355761,0.0005958077553044,0.0005155242128299,0.002005025419566,0.0007908558977385,1.0763812553126433e-05,0.0010003759740194,1.945696231579989e-05,0.0002266085016488,0.0002063462682936,0.0004362275008097,0.0004885423989876,0.000107693015326,0.0007050620174729,1.2445639719433791e-05
0.0001517651536791,0.0001448025725457,0.0003075999189249,2.306735502779578e-05,3.8641336082258674e-05,0.0005269171408872,0.000141154285662,4.579091467093572e-05,1.2896455729177192e-05,3.8329991648915576e-05,0.0007704337474382,0.0007189063202272,0.0035069887796674,0.001088933028272,0.0002076561058868,0.0013992698401049,9.617135025751216e-05,0.0005479792968802,0.0006426376255436,0.0001072957213905,0.0006456432927375,4.40732336989238e-05,0.0012526924108189,0.0001705065066603
0.00013856181241,0.0001032829335319,0.0002060349559698,8.701511062483025e-06,2.735317674506482e-05,0.0003401372722056,6.702833886934641e-05,7.715246607960195e-05,7.54848564017337e-06,1.5861764953790733e-05,0.0007912332922905,0.0008072331200563,0.0037655482361528,0.0007276410441783,0.000358759597009,0.0009905206449427,0.0001507353566553,0.0001644175297805,0.000567186085345,0.0001522208372174,0.0012278761209595,5.574737539976782e-06,0.000761573047519,0.0001045359985013
7.293717775893462e-05,4.658626106897416e-05,3.950444967239267e-05,2.175868529150823e-05,2.7204209439631825e-05,0.0001870242696286,7.116027644610173e-05,0.0002206971981298,2.840009056468128e-05,5.919653920834078e-05,0.000743619386347,0.0008344840643291,0.0026831673757787,0.0003463006479815,9.147169733629062e-05,0.0004938473483585,0.0001433678756196,5.060028342529534e-05,0.0003758909276652,0.0002032953419897,0.0016389316122675,5.062011762755639e-05,0.00027600165182,5.4777610125811656e-05
2.1609707878962996e-05,2.921507089195164e-05,6.368308108456892e-05,6.472328056944627e-05,3.496878999294139e-05,0.0002025006816472,6.490148704944049e-05,0.0002810168081661,6.096162288930901e-05,8.823831319777834e-05,0.0006680490529121,0.0008516654534235,0.0023961256472405,0.0003937238139444,4.2889023462608005e-05,0.0007611409863911,0.0001406508008315,0.0003324547745661,0.0007881911389098,6.976931027375828e-05,0.0014174386477424,6.667749181823554e-05,0.000650745940184,0.0005310765547063
8.065802669296114e-06,6.416597603811846e-05,0.000159380086573,0.0001187137305583,2.805156055521913e-05,0.0002399708226858,4.117384399874671e-05,0.0002635768976714,3.598184998147206e-05,0.0002418104315774,0.0004631428869327,0.0007719303590944,0.0031732675641782,0.0003023524363212,0.0002208551464134,0.0008821199599866,4.3920982275906616e-05,0.0001475969111001,0.0010804946358096,3.23753378200013e-06,0.0013123032463212,2.1177255099880155e-05,0.0007637223972074,0.0007201281946248
3.5147180911167623e-06,9.025157000100408e-05,0.0001192051929034,0.0001376614075974,1.1108351052293312e-05,0.0001762822541651,3.4348137028553533e-05,0.0002799268100627,2.1495457684060796e-05,0.0004104555918608,0.0001967276096944,0.000627356407653,0.0030363159480362,3.5494571901922435e-05,0.0001303718496205,0.0004073569122995,8.286072907436764e-05,4.816461112210472e-05,0.0006766983535901,4.377789396274678e-05,0.0015830930956837,2.3377711043313246e-06,0.0002735062489906,0.0003112279031352
1.2305382318346296e-05,6.007345543909568e-05,2.0180891076615388e-05,0.0001061761018227,6.089858347316708e-06,8.748893763684417e-05,1.8423912718325736e-05,0.0003206513042671,0.0001269047251118,0.0004040730855756,6.766731526600089e-05,0.0005030568532074,0.0016702274555424,6.77035984237489e-05,3.346278758021578e-05,0.0001844920002391,0.000301241118985,0.0003991086424913,0.0004853524962524,3.904312393631989e-05,0.0014626901662391,3.088103032154754e-05,0.0002592395731862,0.0003808410785902
4.216154134400221e-05,2.0698407136285373e-05,1.381053452014246e-05,7.15588579760311e-05,1.2651538383555876e-05,5.139716399411155e-05,1.1629508131541489e-06,0.0003694989894964,0.0002143908907274,0.0004047277804038,6.08504998812264e-05,0.0003330457386412,0.0006875956738638,0.0001688170331147,0.000181432509525,0.0003034965101753,0.0002447590516636,0.0003245289075406,0.0009014781413392,3.1943349254633266e-05,0.0009951717296128,4.164249690887363e-05,0.0006278387212851,0.0009359413243172
5.780400935145987e-05,3.46836243328829e-05,4.7711022905327176e-05,7.878718134132512e-05,1.4031155081879267e-05,2.6919670961377432e-05,1.7041487449010946e-05,0.00038293387716,0.0001385579838195,0.0005073929590515,4.0987276211943934e-05,0.0001185684902353,0.0006156787302581,0.0001260187736393,0.0001636818925164,0.0001904825415932,2.366418408658917e-05,4.454617032558325e-05,0.0009617330022703,6.222322580345798e-05,0.0009445542934993,1.534111759241901e-05,0.0004511846137386,0.0008059612311688
5.045279893359184e-05,6.980566080533133e-05,2.923786912093349e-05,0.0001016227653619,8.918061360192311e-06,5.496914185789095e-06,2.6077839334709134e-05,0.0002740003968741,5.153630483972472e-05,0.0004609289090563,5.445336442640268e-05,1.2835974520368295e-05,0.0008099771380225,0.0003544207811355,1.5470562326502477e-05,4.715758394199819e-05,0.0001315760300566,0.0003260346649194,0.0005120447749936,3.38214722385676e-05,0.0010704189059817,2.371102603674049e-06,0.0001348913835296,0.0003215850565238
6.467369807593755e-05,5.717827742755081e-05,8.71153487214755e-06,8.432123108242222e-05,8.508138852468415e-06,5.850652856033523e-05,5.358323214782752e-06,0.000126174132907,7.767774915003517e-05,0.0003011479145621,0.0001704750600245,3.919845565383699e-05,0.0009763828356798,0.0007214596652914,0.0002115001696979,0.0001261711270075,0.0002650621217566,0.0004532174982392,0.0004999891695126,8.20665661158088e-06,0.0007808866771089,2.9195634029118108e-05,0.0003483132117966,0.0006050462128579
9.784048447501246e-05,1.3331725999414752e-05,3.178376888104493e-05,3.1433418484562727e-05,1.2352277128895132e-05,0.000163454647312,1.0363056925948792e-05,8.795967005178638e-05,9.602023736078388e-05,0.0003153040587666,0.0002519138199312,8.819237501536141e-05,0.000951693267981,0.0006367928144314,0.0004732831996938,0.0001060721515676,8.763101578654242e-05,9.577607270110168e-05,0.0008531925668026,9.399719857244617e-05,0.0004986592943022,4.9328181374368696e-05,0.0004901809510743,0.0010168099829073
8.445556848902365e-05,5.195238069334625e-06,3.707878134359084e-05,2.4382517832139628e-06,1.0547449689868409e-05,0.0001853746218476,3.888655462988048e-05,0.0001087259514343,7.925646905197571e-05,0.0003686888817875,0.0001906332032817,0.0001197669584188,0.0007744310344257,0.0003741322327383,0.0002965372198139,8.22996020677529e-06,5.976677608656324e-05,0.0002265802691567,0.0007283794542453,0.0001375694756209,0.0006085027229407,2.3366428453655007e-05,0.0001921809982987,0.0006250437493655
2.561758330060715e-05,3.112738883716955e-05,7.394205975399283e-06,2.2138823870735912e-05,3.2101947654230647e-06,9.399825109772303e-05,4.069620933728835e-05,0.0001051034855683,0.0001330072752857,0.0002106993074946,0.0001020903716225,0.0001322887768258,0.0011765010844876,0.0004425744388705,4.257731188650413e-05,7.085670378078883e-05,0.0002322454746634,0.0006101565247441,0.0004030861171297,5.195457931095076e-05,0.0006078932703555,2.713325268629113e-06,0.0001126657425335,0.0003538248724421
6.4441987356286935e-06,3.588773102822228e-05,1.1978433299117633e-05,5.062605253020389e-05,7.670118154820384e-07,1.490145679544736e-05,4.9480963371695575e-05,0.0001072012694971,0.0001828356402209,4.136248778401083e-05,9.032503017510684e-05,0.0001262200799274,0.0021553502397293,0.0004901067894193,0.0001604530623182,8.823035549342254e-05,0.0001229341110777,0.0003333983553281,0.0005534145859008,7.30560825103241e-05,0.000333773983353,3.962651947289728e-05,0.0003142077814609,0.0008855347177419
4.4586314996146215e-05,1.361385459710276e-05,4.6913837853184574e-05,5.391536092073202e-05,8.067430124262026e-06,1.612805948237188e-05,8.96938437592809e-05,0.0001030323350355,0.0001213540186561,4.725356296309392e-05,0.0001090426217703,0.000138178809185,0.0023731738464537,0.000223482309756,0.0003312157144183,4.211697361930936e-05,4.9678947943212784e-05,0.0001206399041193,0.0007275226002919,0.0002445886762211,0.0002486444821153,7.073304132913909e-05,0.0002139766340163,0.0010875623180769
5.830261832292912e-05,3.615719899454348e-06,3.893505587410278e-05,5.606658043129485e-05,1.7599678297502417e-05,2.5705050521148427e-05,8.792733830095604e-05,8.400504877234987e-05,6.0717647690119726e-05,6.920151017556227e-05,0.0001363643548943,0.0001516475611799,0.0015508777510381,2.5068520144359063e-05,0.0002182487751742,0.000201225350168,0.0003895552143884,0.0005211966535266,0.0004262799403695,0.0002606794319466,0.000301225757642,3.5377774905655075e-05,3.93128360744189e-05,0.0005141917253581
2.3728520314171293e-05,1.0368056647238886e-05,1.4579125804314956e-05,9.298739078409064e-05,1.781553869577379e-05,4.7728285374059e-06,3.703155639219485e-05,0.0001224727963826,7.321934974001194e-05,7.353667266887348e-05,0.0002010845795913,0.0001152787827999,0.0011006423841782,2.412416620404449e-05,3.432971080711212e-05,0.0003259788484617,0.0004874793362796,0.0005282665989787,0.0001923028542583,0.0001163581466289,0.0001740276690655,1.4483001343928991e-05,0.0002216995077153,0.0003256084351231
1.9997356220970356e-05,9.433489177845569e-06,5.784853560415686e-05,0.0001477821450079,7.362364128023154e-06,1.830976421989194e-05,2.399664076093778e-05,0.0001822206243025,5.868288361617196e-05,0.0001636701487708,0.000243513917687,7.723599268470972e-05,0.0014085346554504,9.492946250661282e-06,2.536115856870351e-05,0.0002014047294265,0.0001621403474452,0.0001173676089821,0.0003391740799517,0.0001395160283245,0.0001219273439652,7.268501100206196e-05,0.0003202418382518,0.000688434544433
7.327144937125577e-05,5.842305811947627e-06,0.0001246202507021,0.0001691845012982,5.955288319841427e-07,8.046418317262937e-05,4.055333898725217e-05,0.0001650619652672,2.8291962318903387e-05,0.0002045937149767,0.0001906519675747,9.501701688778756e-05,0.0013308145660905,6.33653317131481e-05,0.0001478756616725,0.0002410015324865,0.0002424237284768,0.00028760568773,0.0003424652471169,0.0002766721557424,0.0002996037358841,0.0001092209766668,0.0001005037641815,0.0005654051222681
9.886062914339652e-05,1.6266870090101947e-05,0.0001089040708739,0.0001406266762015,1.0351292766448731e-05,0.0001034889203075,2.3809067811639823e-05,0.0001320446759199,6.883147983442598e-05,0.0001090776725705,9.535683747079491e-05,0.0001338946417729,0.0006198510494047,0.000190610112885,0.0002312102557155,0.0004730258346955,0.0006200256756059,0.0005505231513279,0.0001256061598017,0.0002102453189008,0.0003379700118752,5.351440008478402e-05,9.456376212150577e-05,0.0001269799337557
5.280583589014251e-05,2.408731801392808e-05,4.723765401385187e-05,9.700319826521556e-05,2.4984557650257067e-05,5.901568498653472e-05,1.2860410109611348e-05,0.0001447574148135,9.565178948907086e-05,6.84693968986115e-05,3.921671760929108e-05,0.0001812911585,0.0001330505774305,0.0001558385338075,0.0001468678318936,0.0003994555104382,0.0004438187262182,0.000204700474824,0.0001716592573649,6.590218857346379e-05,0.0002407509318968,1.2577312744530826e-05,0.0002964488013179,0.000249554800786
8.963618458824682e-06,1.17905431812018e-05,4.941401519558752e-05,7.364801093291555e-05,2.1308110180688724e-05,3.141898578920219e-05,3.785428377639769e-05,0.0001306531887856,4.429519589593029e-05,0.0001158247336028,2.237015726146047e-05,0.0002434031995364,9.998161847138564e-05,0.000113562787412,1.205520099733651e-05,0.0001922062305759,6.873959668214898e-05,0.0001011753702562,0.0003475593825181,0.0001330514289024,0.0003514222741492,5.488976234436977e-05,0.0001895370596021,0.0004985982733524
2.528386700785484e-05,1.1150617013662524e-06,8.937296089162432e-05,6.753154290255236e-05,3.98833208268308e-06,5.723013178790837e-05,3.703532211440314e-05,9.096126266938848e-05,3.131685871250247e-05,8.466382599612481e-05,3.267820022621164e-05,0.0002624484815383,0.00021300044579,0.0002846569849227,7.656789252317647e-05,0.000274905402071,0.0001691705334112,0.0004659511661584,0.0002324952201332,0.0002264668816432,0.0004645935283537,8.032253802730273e-05,2.34752208490512e-05,0.000242779011487
5.123013063453592e-05,1.0641437286896508e-05,6.938239778377302e-05,5.8111041227500925e-05,3.2899480640174606e-06,6.434874060038294e-05,1.9100288793800048e-05,8.945324934899519e-05,7.247469767982958e-05,2.6562298630434215e-05,7.729728015796081e-05,0.0002396675039511,0.0003969920796505,0.0003442897747715,0.0002450850912481,0.0003145139175415,0.0002558882825699,0.0003532187506779,8.649497026962859e-05,0.0001233020515393,0.0002947358322766,3.319613213375796e-05,0.0002106984694274,0.0001160400580267
3.183042545034181e-05,1.7512181760249996e-05,1.8102278997244697e-05,4.420974893779495e-05,2.3273569509157185e-05,2.3229123693792897e-05,5.209062662118301e-05,8.33996963371684e-05,5.204743042106907e-05,5.054736362571528e-05,0.0001224268500717,0.000253052792308,0.0004423368891182,0.0001363225202727,0.0002067845839757,0.0001258039953475,4.092815665507024e-05,7.673492056649326e-05,0.0002029025002854,7.726766128585014e-05,0.000179156998741,3.6281625878480297e-07,0.0003024003230824,0.0004465122006919
2.9152341240270138e-06,6.366568703401968e-06,2.2476932953942016e-05,4.085637573030173e-05,3.017564548538883e-05,6.258782335493664e-06,8.598360506578753e-05,5.732553372797456e-05,1.7166503058358114e-05,5.076100601978379e-05,0.0001267866119236,0.0002803496769674,0.0002356193065717,4.072653480926053e-05,4.070952634964416e-05,0.0001554590227821,6.945711859799074e-05,0.000376933296606,0.000243393729641,0.0002199780688617,0.0002793823717551,2.001762621339929e-05,0.0001032257235657,0.0004649623410425
1.0450629580473214e-05,1.1393454379090373e-06,5.186589663893425e-05,5.000498263826968e-05,1.2314835182243662e-05,3.881621274314381e-05,6.674652871758252e-05,6.706299837216085e-05,5.1136409391634985e-05,1.2089125165891412e-05,0.0001002545670283,0.0002762279426474,0.0002601270200077,9.702107380370304e-05,1.7537901576705455e-05,0.0003159668975252,0.0002154332176917,0.0005181978941147,8.562491028894872e-05,0.0002475230140806,0.0002487144068249,3.196408735205001e-05,0.0001798253662362,0.0001432045338629
2.991955200120874e-05,1.3246719530967406e-05,3.786294324062506e-05,5.704656662451998e-05,2.3704425129247853e-06,5.125392130607352e-05,6.867452520958357e-05,8.431041666837204e-05,6.788012440225723e-05,4.555063591263325e-05,6.304658189577362e-05,0.0002940071301549,0.0006341075354465,4.7903853619868725e-05,9.955324048874472e-05,0.0002210511563647,7.278844374972228e-05,0.0001518662872926,6.74273592239425e-05,0.0001138090899621,0.0001076028925628,1.675993901359096e-05,0.0004739999159437,0.0002165369493943
2.175664901327289e-05,1.7384333407499568e-05,1.878757910123493e-05,5.543573086787243e-05,1.8085063093952396e-05,1.933452851640901e-05,0.0001171353533664,8.794861321835757e-05,4.1925977988339193e-05,9.006969102814491e-05,2.707620638841911e-05,0.0003343460290044,0.0006923159581619,7.868301675908998e-06,0.0001269817755416,0.0001829104582155,8.015406514301272e-05,0.0001427214546921,0.0001667446546234,0.0001379339566768,0.0001558895021327,5.688651966220067e-06,0.000387212177401,0.0004726494908882
2.5778494267525096e-06,4.968270819442715e-06,5.101295321030283e-05,5.755575610031897e-05,2.8924821901768225e-05,1.2829010313865127e-05,0.0001266739157479,0.0001421516888534,8.079316580277458e-05,8.926077404338064e-05,2.8697710773513505e-05,0.0003166437020275,0.000310615109129,8.015423630640602e-05,9.136294351132172e-05,0.0004127199794279,0.0003857425011965,0.0004250367956904,0.0001050224333041,0.0002857617146797,0.0002309355329857,5.121789055138642e-06,0.0002009312644021,0.0002945340370045
8.441205704317069e-06,2.735993823431928e-06,8.485479587401196e-05,7.339394214214046e-05,1.4097684411077986e-05,5.845558557226769e-05,0.0001012735208126,0.0002265368477942,0.0001505043772676,0.0001697445212151,9.43250559063114e-05,0.0002469795274487,0.0001405683835829,7.180763537813006e-05,2.877638136647053e-05,0.0004517435899332,0.0003540052449793,0.0002587509387994,2.6974669296863757e-05,0.0002445198624533,0.0001457360808544,1.1154434535919517e-05,0.0004534221688413,6.991886273661798e-05
3.036647745115053e-05,1.769551967149628e-05,6.400158668776182e-05,9.047172488928902e-05,4.334540511412776e-06,8.483166722577549e-05,0.0001143948300276,0.0002657656729524,0.000140607930182,0.0003018548321851,0.0001955824417495,0.0001741971870541,0.000281432906603,6.417597385620189e-05,1.867399055823038e-05,0.0002926958921267,9.555490501769485e-05,3.160038440412541e-05,0.0001177683987744,0.0001152434879198,0.0001631124034692,2.3103605488449058e-05,0.0006679387931661,0.0002334509063311
3.3080971976868215e-05,2.2527844713641065e-05,3.761661521692906e-05,8.78236078523803e-05,2.4487002783588147e-05,5.310941273935375e-05,0.0001254003218615,0.0002794755936482,0.0001156310665591,0.000290844073114,0.0002902660004612,9.2732009370373e-05,0.0002651335526036,0.0002380584230019,0.0001368877371734,0.0003840842363377,0.0002438021926643,0.0001860432424661,0.0001519802944885,0.0001770696669618,0.0003244347479886,2.0288394170857774e-05,0.0004110123044307,0.0003036909534695
1.34530883608451e-05,1.0614711084898748e-05,5.6658312740970286e-05,6.481473397946027e-05,4.262536019820812e-05,2.2574951321939425e-05,7.516161247844525e-05,0.0002720730459504,0.0001422630924758,0.000189510414098,0.0003515786090332,3.127866280531198e-05,8.607377443588863e-05,0.0003222002078868,0.0002167089166638,0.0005034532356352,0.0004448839013877,0.0002033714894718,6.433092312890919e-05,0.0002700330803269,0.0003154016664338,3.1381167900762323e-06,0.0002648068281375,8.278330876507726e-05
