-15.154082929363604,-27.272854557175116,-14.92783250193167,-9.976083351149631,-16.00425846033463,-3.449500129785554,6.42174180835604,7.755580999221069,5.397390550425806,4.098815713767932,-10.122576771510134,0.6171640321530841,-9.047239045879646,-5.506985549503346,-2.8876298005761307,-12.36133057801238,-1.6270164099228557,-14.9097330768109,-6.256442305027708,-4.289348859804344,-9.353561459319877,-0.6427338362813193,-8.25513101368301,-5.932515682620576
-14.2459214960598,-23.210826513674583,-14.011224131773607,-9.797760985827441,-16.370108938337587,-3.592153969707008,2.3462355937552877,3.5912335703924256,0.4986184167666756,1.5454518655917826,-12.993965515042573,-0.7601528674860474,-8.02844209206159,-7.903994669707765,-3.7590150790044023,-9.130442141835598,-2.9254025097091185,-13.66890580921444,-4.173930955802728,-3.4651122017510287,-4.468025641974241,-0.6463123921887952,-4.024193776281011,-3.4461124257451554
-12.886091935642165,-20.90923543801685,-12.763068324977239,-9.628473133490065,-16.89812530895184,-3.874652799859257,-2.5794545882726356,-1.5928836201611745,-3.701922096418018,-1.9750033569737377,-17.95133604520988,-3.142428140992009,-8.103982908905303,-12.059715617315042,-5.43730302397575,-7.927254043087623,-5.399218688910075,-15.033856251264853,-1.718934408317378,-2.1691476081335774,-0.7932378531612266,-0.7849605102812478,-0.963943740130715,-0.6821189959751051
-11.095463417665847,-19.993937588454866,-11.297572516510353,-9.665039225471677,-17.093740414342818,-4.418163121028578,-8.370026225074444,-10.197128729888192,-8.353868975379097,-7.4054885025710595,-26.216807999862194,-7.11483359002635,-9.902528171531582,-21.45425726371164,-8.74789311698191,-9.050164357291553,-10.231963810588002,-20.399244664243916,0.5962828996968748,-0.7346138355879923,1.6795309517666888,-1.5173827622810605,0.9454835353386375,2.0905476693407445
-9.033345463659401,-20.401090012310384,-10.01208002987093,-10.452385367949459,-15.241618301068327,-5.500243261774037,-11.17067296518491,-13.629418410452999,-15.048118511743052,-15.542727349021737,-15.79611956028584,-8.069429979404214,-14.415486910636124,-14.623998663673714,-16.911097256193734,-12.904541073508508,-22.488502030605414,-15.54169605201964,-0.11874460430963685,-2.6794923531199744,0.2600362098728583,-4.529940970577401,0.05502509088924627,2.4437111346032596
-7.225041295452639,-15.571932978965343,-10.638140572599502,-13.525991378595565,-10.581560788954835,-7.829587632316144,-7.822256953571127,-3.247629219799536,-15.033442046657958,-5.310532897504969,-8.028266222711695,0.1100417443186964,-12.235583429401153,-6.348456663404264,-12.966321630472484,-11.456155416222174,-9.99403214315995,-6.003700011106816,-8.596691273421769,-13.802561689169412,-5.250972885784969,-14.963886224307373,-5.879954954495306,-5.037679990662243
-6.478233208492932,-8.740661343973619,-15.775080897922724,-17.426060069825958,-4.738915511462992,-8.267373097089065,-4.250466236999867,2.88905380715625,-6.245334312369676,2.670961009903662,-1.2497868088547284,9.00795731070414,-3.5083290176520925,-0.6065752045601931,-3.6612849640473586,-4.30253794263456,-2.150611074355295,1.1217404156516217,-11.845311573860013,-13.545732518996012,-4.9000107528567085,-7.460121218239647,-7.946538827801245,-10.99859101852429
-7.082940538344024,-5.271464301935808,-18.553376937529876,-11.663285733949511,0.7676854764890911,-1.6320741150955884,-0.39331825975531887,7.350627741856584,1.9410125732093044,11.53196787529853,7.20810235130554,20.142830969618984,4.53287401912229,5.643844953303352,2.925380720771708,2.351576555012386,4.957119057196185,6.709846261566027,-2.454723662892499,-4.8272063097500215,0.6221796618927483,-0.9352744238437317,-1.3261096144666717,-2.0014739368578014
-9.385707251157472,-2.747802569606831,-12.77785501451293,-8.810012299244045,0.8496606072445927,-3.1473707432008924,3.485605161572404,1.678050672372082,16.057709496044815,14.940512653113931,16.47514277092066,5.653874810339853,15.82903236506639,14.711173585416512,11.798816002203441,12.420306552411928,14.352101032565646,2.135904106598697,4.08628754589735,2.5420253285096623,6.365721777097885,4.323727036332522,4.115782720062564,4.6123980513006
-14.449874955030529,-0.6654854713236625,-7.7923676583531805,-10.134711883069889,-3.6011068497275356,-4.922867763279035,-5.117282367565819,-5.765853827013347,8.719885616069176,4.099631291879133,7.178911375381052,-3.660046902952801,4.254309323386198,-2.8294377468636194,8.260021750450742,8.278816551051994,4.648119434310642,-11.128404773660757,6.453750761218603,6.492187164226991,5.777272917949733,7.035457646088422,9.170243513558315,11.94510409205676
-11.705507963604976,-3.849880643012453,-6.8924063070038475,-16.17381435219049,-8.763700206037571,-4.508682297130929,-8.338186368858954,-5.695990773652277,5.929234763388765,2.824334509040136,3.560186024321461,-2.614149092450267,-5.183741003895425,-15.076300526254602,-4.296547189321357,-1.085453728648801,-6.194583949470359,-6.242168983123055,-0.3609397324745212,0.7485896804658758,-2.3371347221343974,0.7598246875437802,2.9217381084209073,4.42938105098991
-7.837931122163688,-10.36246765967537,-9.245613549598886,-10.053596571647244,-10.96215968036745,-2.092258428819559,-8.293900066337446,0.43014845255154766,3.8419818456657984,5.576840425063159,9.87345012296939,-0.41553429069518644,-9.712829422052359,-7.620129699664363,-12.62218642138404,-5.737711227845169,-10.657790883932067,-4.612595160151774,-6.8197669526204185,-2.4975845728007444,-6.2064288286586855,-2.250229342910046,-5.051671508003839,-2.787803022858884
-5.26845640589282,-4.971009946675718,-9.58238249316939,-5.3154824957979745,-5.933908961678553,-0.044559996839517,-8.396115698367698,5.072427661205605,-2.916078731085856,6.725509050739882,12.452330174696387,-1.7484323225713938,1.9052825859267954,-4.278360416542096,-3.308891461027905,-3.1250388692065476,-0.5331581349986859,-6.644345127294211,-10.69373564077871,-1.9040839586763425,-2.9258464993911986,1.1944709234801452,-7.824870152074346,-5.209393100803087
-3.4189144260510025,0.26840742318466865,-6.675763874430491,-1.6959517013202339,-8.123903958811734,-0.10092150359731189,-7.381745429446096,0.5554252592766482,-3.369166125882766,2.0582215365520455,10.993844919716784,-7.2527842309766655,6.936910047770274,-3.8913187069006887,5.1538312132970265,-0.00813644823983903,4.3373699507449555,-5.076411286397175,-5.872095352139558,-0.24444857281581628,-1.485461768032068,3.7752907923266688,-1.477830463502433,-1.5778144554049116
-4.197474547346245,-3.1977445861819214,-2.203435463565632,1.7946551124093877,-15.514941902970321,-1.4718920250283765,-5.678786226737159,-2.036486613536167,2.8723080961825187,0.15310443956630262,2.313587280262121,-5.118896316728336,-1.7491942004432879,-17.213023755781844,-1.762108506804421,2.7781082369223813,-4.229833785073564,-2.709063637804036,-1.2592380430695196,0.22589832454115208,1.6217799743509658,0.9518214744304394,2.249238113062319,0.7356649374200096
-7.145272565730401,-4.303495697942367,-3.8083510164068586,3.028467807123745,-20.151000893771176,-1.794197415167148,-3.885667260597441,4.14497456739427,12.775799909563917,2.1556741687488947,-6.736152522594883,-1.7919696479647065,-7.274333833379336,-13.803419392753224,-8.565826926524826,1.3540340527806456,-7.389346900768688,-4.620253265712014,1.6501199700000773,1.0906813839769989,4.481464783683658,-3.720061904761973,0.9757526444513821,0.383917416777914
-6.780791978449253,-1.8342391881647937,-4.903365397927349,1.6979002472882552,-8.38366839001102,-0.015186672282286953,-4.337485816090713,5.279130051506646,3.1289336801706016,5.298464719856195,-14.598686229555732,3.3251057748127733,-2.2743113689627457,-6.857818934151076,-2.998189736029202,1.288835020012484,-0.8507231964872054,-8.833550530206445,-0.08007429928872363,-0.5450864775841113,2.9259478953273144,-4.576588231257825,-0.8110114155501319,-2.2333292810061196
-3.6709750608166396,1.8705440365760158,-3.91274405512926,3.6141520366831585,1.705532570507462,3.5440596293102464,-5.427400768815357,5.78083339403819,-3.437849349085655,11.858077001432985,-9.835540324140796,11.142221771495278,1.4485763865627843,1.4021661386513475,1.7704341274106516,4.564360451345125,3.4412852635033726,-4.483514816640236,-4.660231076408794,-4.979907527629447,-0.14789834837272828,-2.356262529344124,-0.6877530338851311,-3.794010187629478
1.6726946300651728,2.311441916463189,6.261312737164841,9.822659539124626,-2.453006797002908,9.23809309407941,-5.293421095223495,4.68756125091974,-4.388916955742918,15.211364719418356,0.059653969207504515,2.5733070158172886,-1.891317032311718,-3.156045221422537,-8.172063510029075,7.804484294614765,-5.848258853259606,-3.494540875085685,-3.3721246947072165,-4.6744451627495245,0.4686308619790422,-2.6044989146080195,2.936628780126402,-0.053876305106721305
3.78708298848402,-10.222222014734585,-1.4930384114314954,10.641287938765153,-13.577844143655675,8.998508660713394,-3.746235358546493,-1.701295096339669,2.992362051437203,5.994089464123754,3.3040337947232503,-1.4459579435701633,-6.660876576580335,-7.902006254049073,-18.04897646576481,-0.31335056212984946,-21.47740893399302,-7.5430350725736295,2.0057180137859474,-1.2955724035512317,4.017759090227921,-12.172740603927393,4.397090164498104,2.4305500507030615
-10.745671199024594,-8.479781545796893,-1.3353781269271305,-3.6501814826331245,-11.029402441184486,5.085151815009289,-0.8943492993956202,3.375149804473745,4.5862549488480955,-1.824997221814869,6.352451751965703,12.038372650472049,-15.90657680490224,-9.003571832805093,-16.044189873566555,-4.5502214428822665,-10.478538526902941,-16.395900132694937,-0.5095078780924347,-1.4528247340320701,-1.086341813564986,-4.12014260242017,-1.9843428470410225,-7.563416554386819
-4.765061208579079,-2.547510421179454,0.5246199060882601,-11.34845376068582,0.16172245741825952,14.876469849929785,-2.4480121316807213,10.519361670950625,5.995817750994251,11.163373402967515,15.061702783117267,10.273978052859583,-11.908123161645953,-4.401093065829131,-25.567843584881878,-2.5117187152523517,-9.163245999166104,-13.130356761234125,-7.804937059178942,-7.2754035072800685,-2.979597910374352,-1.2135128067907865,-1.5944774464265141,-4.052502544089668
0.9078558289417799,0.12437476639831971,3.775322738673365,-3.354042741521716,4.871097160350298,2.5410472202140917,-6.370089748089084,11.381970524189624,17.79746532628495,7.231932213644839,11.501018821932457,8.03575327486443,-9.0991144022316,-3.492560231375051,-0.5636974024276733,2.5052510298325146,-2.234823012160707,-11.584771463562786,-2.700642660076899,-3.824024751947684,0.4410413297271306,0.5311174704648441,2.3494020233358577,2.396183490493157
2.2271242346859306,0.3510008294420428,4.482192980889552,-3.1095600611928487,-3.54020930032803,-5.296489496464077,-6.55842998167218,5.2676533514825845,6.79238026130624,5.909841660918039,5.816092290516282,7.1364042049907574,-12.443270866701484,-7.218738164893955,1.2108075647096281,1.6225620464505504,0.3093477271582128,-8.150511912100319,3.276478454566672,0.787998274085777,5.9422857089552,2.375777622847726,6.443814458650268,8.082210959346948
0.4818688799995485,0.16611539545075368,2.5148475505261993,-3.8535781805638587,-11.057593461053061,-3.766706659061388,-1.3768320450017004,1.248208985590553,-0.9647006287322122,5.08068883097962,3.4318620577853016,6.912575369362531,-7.0342080982126864,-4.0729647690033675,1.7587418577682326,1.93991087773688,2.882014282622545,-1.071991176963691,5.888323334976542,7.172293135341609,3.9754650891942465,1.0566394597586848,4.817600066380377,2.7911325211071407
-0.3845375360925212,0.9207536483489114,2.537406311113406,-2.5144205719945942,-14.784157545260319,1.8491847739858454,5.826920705722689,-1.2201865284040876,-5.0389139550920365,4.497014488874895,5.063196486850604,7.574368634676308,-4.570183947983215,-0.7335739270095267,2.1921546131767187,5.106301098066863,5.964792092250177,2.6494307347273423,-0.3219847392385905,-0.603353040045407,0.32112059399216436,0.028936467632134887,1.8887096697560588,-0.15012986205901413
-1.218574055767902,0.4471078951063678,2.1608012495227076,-0.03640374541457671,-3.0244103682440238,7.3198401776277064,2.385628308843704,4.647503970320664,-7.101941944128959,5.710058513936028,15.74536256323345,4.836269460593529,-8.115590863951807,-1.8987531175059202,-2.7061595771424134,6.204996962709402,-2.3751545918334562,-0.15555329927687858,-0.1677758687037687,-1.6240367934248499,1.712363005874138,0.6844751588414683,2.9472545536819266,3.0587795660067574
-2.185461228548273,-0.3750810401508369,-0.12493333560369772,-0.15971432276719705,-4.408790313537103,8.399888761796346,-4.020081401405166,10.972813023538851,-8.035546539904766,2.3635982997728235,6.658349736448789,-1.9034623824455745,-11.279942429004112,-3.4385982735267624,-2.680993690484699,1.1862960744105655,-1.9780656668982641,-3.0808224469338614,2.682345143545868,0.9458129995796318,5.297384711534502,2.4463247794720435,4.376928936300793,6.773139280947479
-2.1515092729367256,1.227778553096957,-2.4220140319707206,-1.2939871572487613,-10.218716307198894,6.07070793098556,-7.508952912940757,1.0311273700184818,-9.665645170330288,-3.8423419618216053,4.494400187758742,-4.827706709365139,-4.934936341339037,-0.5531860441523255,-1.2046167863677633,-0.5729152388389436,1.7445272223500996,0.5225868479411709,3.6539664849162934,4.194812953879392,2.9307818177074925,0.8740448397442667,3.19688203084828,3.0475970124790406
-0.5115302559391764,6.533052029240261,-0.9864465180175619,-1.5644767853380483,-11.941446519364565,5.222206661969896,-6.183706940764544,-4.183191244345373,-10.469581844187646,-9.307466798516192,6.440965752447979,-5.100467802101081,-2.814301670525778,-0.7034473648064409,-1.8101119097505716,0.8900627513857367,0.694270634566383,-0.11315386641107726,0.6691063194021553,0.6543715746207852,-1.4485884031975507,-1.800286535422788,0.6943490127918348,-1.2681741959736514
-1.1114841650737857,-0.5367297097381154,-2.1089136564025943,-0.1953637029065944,-7.139791685327025,5.848125180394597,-5.6310249076806205,-7.122827339246815,-7.501881934163768,-14.711390614923147,14.972174319092154,-4.79196990505176,-5.7653803732324524,-5.040752918383906,-9.229897295317588,0.14384602647819347,-7.256046727076707,-5.606270756579438,-0.27161259973775936,-1.1175199220303924,-2.0658324623626427,-2.6564762291747517,0.6326037605362951,-0.23359957580859236
-5.005020812525254,-2.250026175988181,-6.223169763060353,0.561887971553922,-5.419485952231177,5.939979511997457,-4.176784610146928,-5.5265881627803,-4.194471187609016,-13.698150813795396,9.649744986438694,-5.069253519840005,-8.968449938981815,-8.79445666985905,-9.041159790270761,-4.495662170496831,-6.54767054109853,-9.64644992774916,0.1876107281076622,-0.38499322851260864,-1.5301978185335643,-1.2283732999562882,0.4519268282792526,1.872359486615803
-8.15269374267473,-1.0450888658702553,-7.315690882085938,-2.389969817368766,-7.420848234331809,2.8622586716305847,-1.2108935108427927,-1.8980149774073336,-2.443714523602175,-11.783328748908776,7.082393862473984,-4.794716269864512,-7.6026811558028395,-8.514356564551433,-6.577705189541022,-6.275342471086608,-4.458800671468289,-5.445219583583968,-1.1258130904440196,0.27554585774899615,-4.606065637269269,-0.4042655399561767,-2.223723411369569,-0.2488673482206205
-9.626357465987581,0.23580621380395939,-1.6736441158429893,-5.521696909938067,-12.880166217286428,-2.561004085038585,-9.172059540230508,-0.47864874414554825,-3.370809346814947,-9.876276949902671,7.346993514891247,-3.190219948204123,-6.246588133919859,-9.780262786639918,-5.502852181764886,-6.94274998808464,-6.323147032376079,-5.581133363413978,-4.515778180351569,-1.7721430175362596,-9.692332815393819,-2.586968845606697,-6.566728209237316,-6.052961486152732
-10.619377454533328,-5.810291182131806,-1.470809232193708,-8.852640141948067,-14.212713788839622,-7.055269380938873,-23.579739014774464,1.9059444564989345,-5.359920970824681,-8.388305699742723,9.621763619207517,-1.2800011760837429,-7.009509068410172,-16.77612599176948,-7.2959626838528004,-9.765470373671418,-20.62161158838673,-11.885945420272035,-6.461424470431388,-3.7697413389435837,-11.403311051834677,-5.250995864086006,-7.217313544040906,-7.339163390404755
-15.094269546659724,-10.790610027557415,-5.3707699165074105,-13.996628331247933,-11.140562460497964,-8.569435226311695,-12.27916665299258,6.009968470744113,-6.124285116137987,-4.796719745253345,10.221609366374198,-0.24172195257515228,-9.842563330107614,-21.19649017559706,-12.14207353847117,-13.69938948909624,-20.953466246554278,-16.652726593033464,-7.057917860055513,-4.144339263607643,-8.279080789157344,-5.562419157470879,-7.664245220961639,-5.641491187241337
-19.141776832306867,-11.300587902104194,-8.999110567635459,-19.684273827088244,-10.871427831916025,-7.616694640564895,-4.443688988756787,11.203608011891662,-6.34287697872071,0.6671098290773904,6.4926772389897245,0.5873641335901685,-10.208596294470304,-14.213504907535956,-9.988266201626724,-12.743216154453126,-22.7108020346599,-22.972358720696356,-10.752046027505166,-4.778571135009709,-5.80467074060053,-4.989910023321695,-12.794301419494209,-8.167688715160276
-16.937272681291653,-10.278223326918283,-9.165448736365857,-25.469381157768876,-13.302379978408121,-5.602584857448102,-5.116112282032952,9.535709598837578,-5.371169835010319,3.005208135683927,3.3312347950214107,2.2823102979144956,-5.720724396044775,-5.472729339488164,-4.189513954031757,-8.36670192531198,-10.3027065081276,-8.703626722603468,-22.45860569549084,-8.109707223083007,-6.741048226737164,-7.321300906041978,-12.337975432106951,-15.055259004327738
-14.072109612049397,-11.678795798103941,-7.367211433290145,-30.25492071301761,-19.546554128777338,-5.0933309649471346,-9.586362883404703,6.268822655428216,-1.3553588267845262,4.6767928268506775,2.3433742708615766,5.216398532191736,-0.8070180190676073,-0.0288926318819991,-1.5299236164415118,-3.179399266953191,-4.730719358312048,-3.005299001259385,-21.325638051547067,-11.028931233190416,-6.691988722059597,-12.366243588698191,-11.014012685549721,-15.714377072072345
-14.556629046247364,-15.95618354161097,-10.032346652735116,-21.22894923528454,-14.74936510956082,-6.516981924136385,-13.180457468846786,7.664213412068667,2.2661084005741023,6.558263859410104,3.213427962071208,9.098700408536352,1.6490834212099035,0.6154049715269518,-1.768485526401061,-0.8431602634369684,-4.973960382106989,-4.606565241054667,-22.40174631069653,-11.656581377074094,-2.195234278302419,-11.504531440450133,-14.4502630874429,-21.337453589217223
-18.667621321596283,-19.399395793641283,-16.85135551910367,-18.587108856764043,-13.642187403098148,-8.581429432396504,-12.794876942254614,14.731018421641501,5.02948097862336,8.285189480799918,2.7310868572404807,11.007175828561378,0.5532911164318146,-0.5418294144534517,-1.2476112752942956,0.03085655071237938,-5.584806027272588,-10.391622791513765,-16.321454541767086,-16.889754727117314,0.1549387676023548,-9.353209006354874,-2.067954507750937,-6.305773735735492
-20.14035803833361,-16.784401264317125,-25.022084159809395,-19.030853987371646,-14.883831657006015,-10.525505741537435,-13.164863247536804,9.824654048813494,6.0286451518665345,10.038604801648745,1.0033433347568108,7.396762297917832,1.1624037344529508,0.25168770279172104,3.224686776479577,2.9635242549780334,-1.150488084482449,-3.1965590284879895,-8.356393151681893,-11.969127345142585,-2.1668179235028897,-14.228192141802019,-0.5635615066807186,-3.3453276268865535
-18.04395374184548,-15.40040701034325,-16.363658244251024,-21.672046332977168,-19.06209229713482,-12.179442959979603,-13.747786596116159,8.501486737040661,3.417979355956098,10.070684629121642,0.9198838163066342,3.5975493508815877,4.548918914511187,1.2460417998353093,4.283159207444005,8.191880768697002,-0.2997563891380419,-0.499431092139142,-6.315086764272748,-6.012602648464967,-1.6544918685373524,-6.905115390965787,-4.279499063917961,-5.1796326686613
-18.388311875945565,-18.456380477944258,-15.908225176560018,-26.042235858069105,-14.959799727450404,-14.087038105372034,-8.875648004138748,8.062802860695982,2.107127112258991,4.631129328815801,1.6024147850610455,-0.5192349849030129,7.547606845691952,0.5653331318368287,1.9673829830014256,6.795772639565303,-1.6537074932858147,-3.5560536222836294,-8.92686175108662,-6.6804665284738896,4.981791512750641,-1.6507499244675847,-18.481222227704638,-7.124063025453895
-21.906628147702545,-26.780519570076613,-23.353918268532592,-23.632361573979214,-12.25062681970119,-14.936422203627043,-7.429566299593433,-0.9296923514183921,3.5282954663409853,-3.101755446027274,1.4839108608523146,-5.511798345938313,6.652510151558592,-1.7603541498029331,0.6995021720452294,2.636596503602843,-2.236924327810238,-4.539555248208257,-9.156046733114888,-4.327615500446163,5.5902136797701765,4.140198439773641,1.5842594093970348,2.4559467343719867
-17.92356670124286,-20.650901866230843,-16.760268212920842,-20.45646734164578,-12.365085604590377,-12.224982632996413,-8.1448592168083,-5.905727087697135,9.08254545933073,-6.05508344930641,2.158564988321616,-6.33006962516078,3.621227919827369,-4.018755587700789,5.5076761288860006,0.05887706428304554,2.07983010620655,1.3707290094093436,-5.493326370855597,2.807689506366117,5.228489488199889,3.6878944119290886,-3.61275924844384,1.5358323695418217
-14.279136629794746,-15.640935002286334,-11.174938665613912,-18.710893809426555,-14.268279863717373,-8.03101451239585,-1.964529705606233,-0.5998190736829805,3.9779687447654526,-2.92717158254515,4.911784486094251,-3.7386184491838828,3.9216712234871616,-6.12220071276491,6.482958446977777,2.8251559319961084,-0.832433037858084,-1.2246449783624984,-4.69705379929159,5.372364803428812,14.839950458224521,3.5402654731206384,-6.563795801239958,-3.1450745663409774
-14.068859922738362,-17.062237728933802,-10.334979452957196,-16.681704236544057,-22.88342065489331,-4.999028971353252,4.995192867553802,-7.093765663002709,-3.1412907141583974,0.13598739625402503,11.71097072691244,-1.078118097471644,5.664091295492483,-11.19794154660529,0.25934278549302203,5.774526603701005,-5.175979630617144,-0.6431574068282919,-16.50307885703258,4.7754238398745965,12.197547411193998,5.872382848898415,9.070581791938526,-3.943615864244017
-18.10863183550162,-24.51620200650883,-14.78733693468694,-14.192268689061379,-21.400039700039528,-4.396360946285902,-2.073952531626663,-8.110094677538589,-3.0082535084329907,1.617909741778444,13.916427839778303,0.38974515321588177,7.200852858229517,-21.6548388266489,-7.311360727188495,-0.4415114015758619,-7.940122616289543,9.173012936945158,-9.32657763059155,8.175380625337729,6.856172819976024,11.207407841871152,17.65955629698459,14.221635279449522
-17.855274076744312,-30.12956826657044,-13.531225275553638,-12.104227163046087,-17.132259196188237,-4.062276255002059,-4.441116862245439,-1.999249602569467,-0.4459692282031921,-2.9457450524903224,11.78447707885515,0.31959621638440616,8.386703887899122,-13.531293773093138,-0.945127537151423,-1.5559119169268318,-0.009938053487475946,12.598401550528491,-8.70488435690669,14.807544329305331,7.09828090940108,18.298861946016846,7.606293685737754,6.182039214684765
-13.556387842364162,-20.22430814337386,-9.84144661024408,-9.968559581605765,-17.35615773380005,-3.5860793322140925,-2.3973415576612815,7.207005177286689,1.8722417813483916,-1.8962715141133066,14.734585199465812,0.15698386420241794,11.70482684281771,-14.909262275867597,-2.3419706501130966,1.6076620693500165,-7.0906535015550185,8.142975349227585,0.5333085359349242,7.360831602308384,12.186521908690631,12.177725550551106,8.334910112690824,-6.908287381207003
-11.952012350597407,-18.68612961988042,-7.681238560040109,-6.580275250501574,-21.905350294034417,-5.757237260076545,0.6192663981312374,9.419443947798445,0.5731026731485629,1.1548939264342792,9.555037959277678,0.28851659002020713,19.857576945232033,-8.767191472288788,-12.431160325516553,10.149803762118157,-20.6975316454075,8.141643341024578,3.340042775107861,1.4547112125150155,9.541088598234555,9.223459891502669,17.549218264651994,1.0628847616329806
-14.565109295838685,-23.06991716950357,-13.183511479896614,-2.483974159204542,-22.383115458959256,-10.884432429285766,1.5143137952810348,3.8294913028350925,1.2296839909420283,7.026629637899205,4.5178818861521775,0.014326147008504302,23.565994073365488,-0.3972689275268601,-0.9227640667669514,6.703161593337542,-6.718897892313751,11.608360675932216,4.048460074739027,-6.260291717733628,4.889809303754896,5.500468042631374,20.629526399025107,8.223448809336933
-24.045074630525182,-31.96148288595876,-15.688997244177186,0.9370214905308341,-19.1717469742095,-15.034155966827337,2.91287670462018,5.722785990516678,2.260103148658008,6.21951840563689,3.0027857067184556,-2.2013745011770394,21.448248639957765,3.87590995873961,3.921601599956617,4.874142273214813,-0.6613327807735386,14.430098466339938,6.008420296610244,-6.720133104575457,2.4487352742926127,6.15144066586076,10.638553074173656,9.70517549883162
-18.355415783526944,-22.232508809468293,-12.094041683260935,0.9388328401915833,-19.25990017733352,-16.199897630066125,8.581605594921214,14.66456429891169,4.965881743614932,2.124559481639183,4.253516580518003,-4.504479180052497,20.650739758237833,4.319340284343152,-4.4740614963382095,6.6715769091287545,-11.857609524308499,18.491749523592432,2.873931414373781,-7.084227248209832,1.6207958298591574,15.890954236351131,9.937279806724007,-0.2857470907437796
-15.9809009648294,-19.21990351045511,-11.476150066859176,-2.1318760353925734,-22.520420482375812,-14.152406813510673,8.802322148539949,7.804278278009864,9.97715366559929,1.2469100920867229,0.7870134760461045,2.321667748551195,14.973994699268193,6.447950604655767,-3.315966515581854,11.57856250566207,-13.345849715723121,10.306950093167748,2.9028880728249518,-5.9515554071658165,-1.0622367139067204,6.210318835639131,16.596113244568183,2.4368580876441372
-19.360204394324406,-20.12355530250849,-13.708733299157913,-4.080802779901598,-19.99790972065343,-11.683027944081,2.3690234638037304,3.3155987942276117,10.154629845539704,-3.427322496377558,-7.428249653732227,11.094325258915497,12.27327245354263,12.735795724288405,2.311849549941508,5.127181383610782,-6.003129598043021,8.182556856990503,4.636864958726748,-4.317677236255593,-4.8242275949048326,-2.957652459376213,17.156016899395446,5.265106774737881
-19.204996036994938,-23.942039728751304,-6.829650860678287,-4.046258282219312,-18.478374124928486,-10.35450239331983,1.3856376103549108,3.534324065412322,6.770850607215424,-2.7285882348402444,-14.327853751321726,11.184015945181338,10.664150030872685,19.77727581899082,4.340350753047618,1.9613592897551815,-5.300526086688304,5.582991090014059,3.3298739290976602,-7.758769617809833,-2.9348548845790914,-7.519607826886522,7.27047245588906,5.980237396135069
-11.457933709036826,-21.624164321220924,-5.095817322292062,-5.268536369012268,-19.491321614321905,-9.71836823994553,4.337640799157252,0.3683754214768648,3.253797149735109,-0.8517982382421436,-13.576581539413088,5.125718783852566,7.727147248683417,16.95451718274294,-5.702762536349083,1.862401890450196,-18.29851789999806,10.687862011271623,-2.263248543961188,-9.845347675396967,-0.8118571246213186,-0.14187974347496518,6.014293820909594,-0.08721920722759427
-9.547344789072518,-15.861548784222153,-2.8859815808412668,-7.778177736131324,-23.193803517276997,-10.199724783519073,-0.05353551342811126,0.31902097066317825,2.913670686342761,0.19546138488605036,-13.476146636094162,1.2547307735108943,3.550710694944617,10.427956740362273,-4.028295626563843,-1.0733043428884006,-8.959473910955762,10.00333374336547,-2.187511709941919,-5.871992150790125,-2.7527825505742687,4.393651123864109,10.912146009121109,1.041874393403218
-11.979174227537685,-13.920419134158548,-1.8525699424138709,-9.926846443924514,-17.084579568127943,-13.771479895862724,-4.709247490264717,5.7740964391372565,4.596732825472907,-0.10561388492518406,-11.133647597337697,-1.0520885517495486,1.7475413356903053,1.3166609122101411,-0.21149422799044942,-5.835446746325115,-5.078256768033921,3.7692577265719724,-1.6331035565748075,-2.754901848406795,-3.983369950435537,-11.758454941913747,2.385955828531409,2.2389244665414005
-13.3543614989149,-13.731411322248688,-2.4115732942445267,-10.237912284259691,-15.781293702276153,-16.349777611099054,-9.001881605923707,7.408220259007492,3.177176779969094,0.31799491318474865,-6.812901313528758,-3.7810539591061296,1.1258580072081534,-1.0029579884731925,-2.080259703208554,-6.743041182940676,-11.633337369937003,-4.205944187727318,-5.149835460035078,-3.464989254726622,-2.948600431486315,-14.436646558131196,-9.453018541685282,1.2989453492002054
-7.733841157619508,-13.477185586535331,-1.4501828927180647,-9.421075992621116,-17.859480154204373,-14.3666530152296,-10.106151459324483,-0.5173192315414357,-0.4643435900901832,1.3881352384453134,-0.8743743992887009,-11.269752639019039,0.015423988935825448,-0.9742873167560793,-11.611793718839092,4.33024211188958,-16.275005786900266,2.3178749339540046,-9.051707303790637,-7.223017471623962,-4.948274929082393,-14.829482084673966,-0.10386609327666346,-2.3164942650648497
-3.7308979817324617,-10.420487244750205,0.11005048451149785,-9.940882818131417,-20.5812820692142,-9.996741053252535,-8.07195822169265,-4.9343071223955475,-1.0150526538332931,-1.0197753649821975,1.416909786194864,-8.977502521644588,-1.8887060194532626,-2.374559751733104,-3.043595754053249,11.774609866827,-8.690108483070077,2.699716683958982,-8.049159378263234,-5.633428230091234,-8.709230803089696,-9.756029350332106,5.3495768192506565,-2.2566177486930803
-4.142867149110963,-6.853180316412907,-5.205268493102184,-11.352785885506162,-16.073996799771358,-2.4644518302991707,-4.038474233468296,-3.075307755450111,-1.5747903880135068,-4.500408786358264,-1.0820836815889399,-6.09364553418981,-2.6601872378671225,-3.4469613746885015,2.163022289169124,3.7920213537738445,-4.262095189856106,-4.4829590824275725,-12.683625409002047,-2.481590524748822,-4.363706590733943,0.4418145626930648,1.4301543676437611,-4.09733322972512
-7.58483495494544,-5.006272048276981,-8.696964644347787,-13.013781853090478,-10.838903448594943,2.13603400800341,-3.1784110209913696,-4.58904877328954,-3.2082687400368997,-6.218240167339168,1.784182584298166,-2.2794736655893084,0.7864454409544996,0.13520863748466816,-9.041600689942355,2.474912049028801,-14.207958058075159,1.181744376523718,-1.8788570497681851,-2.7973600116529114,-1.8052713946184287,-3.2219290994147967,1.9571467801863462,-13.74991972354877
-7.925057083001349,-2.605946011249454,-7.592271526494164,-15.289817946309762,-14.05727933118065,3.666872520396713,-7.303085002379093,-10.814742730460678,-1.0552980431384176,-9.00858948065667,5.982827797088528,-0.5717314379950388,5.0626819932135785,2.136454092256347,-0.9595220026672753,5.076800177294291,-11.37675022486941,4.840658322649279,-0.4800878512333446,-10.831829949980554,3.5541712094336164,-5.291743156687982,5.579002510809737,-4.2690960788789205
-6.352886852664198,0.5117832425074696,-7.024378158957233,-18.53202512236366,-15.571815958556856,7.094974922673671,-10.38345557239424,-6.300520974614461,-6.131738595064643,-7.767086125084518,3.8760633466957155,-1.1746617853917964,7.494074386793042,-0.5206086916896007,6.4245832978704085,6.782143561484003,-7.583936684930145,-3.175830218619826,-1.192288502218502,-9.631641951548438,8.318045291126827,-5.493547864993661,11.86164768911635,-8.662833371278282
-6.628484493219452,1.0795951626922207,-10.947608864361676,-15.840211346462493,-11.515842894773522,11.339048126182611,-8.449260993040413,10.69438802918786,-5.344978642791104,-6.974962887406373,2.856410771166776,-0.006681650857076763,7.095658787957696,-3.352091594962041,2.152666260840384,1.8133129994025627,1.792429827282488,-7.44470285833338,2.37313509737094,-4.911863383932988,8.31983421121216,-3.705652123970201,8.072799817851067,-9.746907228693404
-14.00465829476789,2.0524958294841826,-12.263592168350353,-11.854983331255283,-5.717839447782786,5.07990115553566,-9.227024751558794,5.4601152792211725,-1.8058726333503943,-4.648860289484189,5.854439173819568,3.5181540707520718,7.370237558843421,0.2558781338974294,-9.489111728493375,0.9419243883085747,-0.5949054562669003,6.657006704620461,5.054570016890612,-7.632316417006742,12.104470334873751,-4.3795292198916425,6.756560333836793,6.244525997459995
-20.1980481277446,6.870872300914229,-10.508792319182676,-8.653407380313148,-11.175870208960163,5.129376591589506,-11.480845081378,2.4198370156427798,-0.07599360785479363,6.759333500885124,15.233317282407356,3.7606957636966514,10.134566312309287,1.8400831299379383,-1.7694242731258392,1.9214491721743487,-8.167360952983092,6.073342669073792,1.6928075609223727,-25.10004724471791,20.241180607809063,-2.604168426327304,11.897425582215433,7.933661193820302
-23.458088983720707,4.643047155961677,-10.946091123887879,-6.350399722813016,-15.848836788615309,0.35933550178169216,-9.071603669367935,7.463317750393058,0.1759853864342338,10.223973412886597,3.9985097506016953,1.6181488903591714,11.911303898431951,-8.97765393889831,3.1885081458494042,-0.05281746879942598,-1.8894946182602057,-2.2986180064030384,0.3565904396710766,-14.238138980467392,10.542877596282903,-14.92165968596531,9.55679141338052,1.4485657181969005
-16.344080866406372,3.6328383771830826,-15.372245449802833,-6.08389030905783,-14.233016005553969,-6.922364533181407,-6.192785192102429,10.133395410325573,6.323969640635526,7.570863323112574,-5.676918326765966,2.7841426904389923,11.311974571248179,-5.499331990701019,-10.089972873244745,-5.581205288617879,2.888368036199152,11.394807428700819,5.1066358404838565,-10.867536114515804,11.271229962123792,-10.95087576251756,1.5911400033703116,4.374926736668452
-10.713757802813902,7.489558563191387,-16.467664893613744,-9.008508126031886,-9.017073455081078,-10.770612358990103,-22.739521984302506,7.5436307833605865,9.909323859675562,15.382650846921875,-7.791235687524187,9.033350805955493,10.726848704126969,1.788461086185282,-5.850875165905492,-5.046550997085415,0.8187369910515853,12.627372845238297,5.738702596047669,-10.191177796563675,18.91715483819737,-10.060725122339626,5.427787495491395,16.80591683047072
-10.240663322270645,0.24714875001151024,-13.59569946032054,-10.599905277706432,-14.08476505606215,-12.584483687337926,-12.173927285969564,12.47631350453241,9.208661165540391,9.888935118462417,-8.401248793651963,11.273501916030293,15.634315336707374,0.597579852496583,-4.086831011096762,-6.203022351454235,-4.858987318434412,-2.898822274944444,2.1193167138672075,-11.916942567461453,6.900227290440237,-8.877774701277634,7.204784782616164,21.809292394327105
-10.543860124414124,-0.9606732133268678,-15.90940754490089,-10.322195977391473,-16.8732846800945,-17.566294443070372,-6.93289045870776,7.498860823435213,4.7833399292168215,5.010542224910638,-1.5817566302353538,-2.5666391200125345,14.93610209209756,4.946186890592391,-11.72685140565812,-10.846842908228016,-0.11149814831036753,6.956223052647249,0.5884441452075506,-15.213588964348615,4.979497206595099,-19.4169009132618,-2.8949928629959887,11.77856506786679
-8.085534625303563,-1.0454734562751449,-18.740558944419384,-10.741462053877694,-13.426085019909863,-8.474405198848883,-11.222400106251857,-1.0290832689853961,9.449733335291937,5.4464240700030055,5.081734808731182,6.490615174833286,12.225047402098419,11.794646325689637,-5.200266099872723,-7.582859205785423,-0.6781700079046658,11.85386525079461,4.1011430733892835,-18.477446383171294,7.285692337902412,-14.164846334282677,-1.5751467584328656,11.727309000703332
-5.723278513441499,-0.3814014471099317,-10.776894252718511,-14.490024824080844,-9.336446096035678,-5.687252293096465,-10.592791250203106,-2.2654435033380604,9.68524798894139,13.335878341627751,0.38836302673518425,5.337048504719238,10.877494413026618,10.47818452570983,-2.761061866545809,-8.54576542899383,-3.2864651932150055,-1.3160863802194371,3.285467399219351,-6.672762473483573,9.136091644242878,-12.396290393489092,1.3363954390775694,12.33981687760899
-6.443649754691263,-3.830767120126275,-11.495941788415955,-25.989714065151468,-15.519531225729173,-4.579430194433175,-3.0728893510063164,4.424882232919452,6.591082144262405,5.7929731540587825,-1.4802869721954206,6.430125490880498,9.467412928152614,5.985391832596574,-1.1979666498703647,-17.67050978552262,3.3225409425203245,0.9651008411348159,0.8288924477593318,-8.016264084671512,2.812089881091329,-11.831732241078026,1.0296147977320504,14.056477957423823
-10.067551377892105,-1.9904797858738434,-18.652310489321536,-16.840940226642353,-22.12189971540985,-4.228246835485283,4.029886913061529,13.03179401263928,12.467061376350655,1.662773711236306,0.45594847216987766,16.864725906496265,10.046342548312435,10.60862372764368,-7.890641579738934,-8.397559879347336,1.9325364546570234,9.356639163116556,0.08823965132530642,-12.523640255713563,1.8547191599044428,-20.906468107845917,-5.308732884366526,14.360178103196064
-11.905707742741676,-0.31778497761589863,-13.443417164488284,-12.684186775162893,-25.696191368129163,-8.157301112328142,4.906258600816271,6.829560118229535,8.562503853334466,-0.7559422897223554,8.215220918751523,6.515573142050146,10.936269282033624,13.301524375319584,-6.942937697175031,-9.666982758705881,-2.17865945027597,7.43254946165843,2.5262494880759383,-8.58452802828605,3.330887057144208,-14.07137431378475,-3.4776701402321573,8.628874274490938
-1.788973979247689,4.289046354329187,-4.508920911929103,-11.114385228544561,-10.293908881708902,-9.729543027153007,10.277793354754628,9.619660769875807,0.986585948967303,5.325252676734973,-0.37419254672913693,3.337538943717962,10.20046457054778,2.9524008965454906,-4.273023516216426,-12.767177877500295,0.4845932262122381,-2.454233254516438,0.8245233314947464,-3.0679724983584835,3.3876568911794496,-12.34558997756648,-4.058349639474055,7.550517750857373
-2.777748805054487,-8.0601538128548,-8.87148872114809,-10.3272834164554,-11.796353984974267,-8.775235570901996,10.112124259984778,15.907793939117884,-3.261905308095632,-1.1353374346983658,-0.8607928813268345,5.764490424457744,8.11114075188409,-7.034598299258519,-2.6619289600506963,-4.030507007677872,8.957123355478323,3.6716187063263512,-1.9938957274964069,-4.993036532106739,-0.19181483205277394,-12.390236613457876,-8.195122469972993,7.77405521115469
-5.3229348126524245,-7.396791995920276,-14.0671428412349,-8.336879294323808,-14.303918305407953,-14.046607114705772,-1.34457513142344,11.860371697131377,-0.2315688828322176,-1.6176237250489205,4.054994093149297,12.52504514789982,6.75125089879946,-3.0018745497879356,-10.94449056132008,-2.7256674992963954,3.6930429418152078,7.758076229526453,-2.799180974966651,-8.207783179745855,-2.260259220406743,-14.499547405933509,-2.695734786784045,10.675576559533653
1.6538905847995335,-5.970246421206849,-4.846481660727212,-5.861312540351187,-16.643016829538148,-2.745736584234986,-2.7345114626320104,16.82924607541843,0.47764215879225225,5.525958747447125,15.052308646419556,16.408058587787114,7.577570428761947,-7.914339627695294,-15.748949183260887,-6.588529514057622,0.06753956902699153,0.2579595338372723,0.46699479343222006,-4.8636428749595755,1.2823629981220526,-11.374646145269427,-3.3620921146120537,5.929955465307439
7.409235563423761,-2.489620874964022,3.1690430161250696,-3.5995342599529083,-21.382594544361385,14.340569972180738,10.125914902536836,23.28010430743095,-5.715534483961271,12.811105706941213,11.124627433343175,10.454799230655322,7.056525074332431,-3.1988952593066413,-7.981405142011911,-5.207037839494514,12.353829563332317,0.8152491899486232,-2.2957563970674038,-2.2883123434548023,5.222030534850815,-10.450800185073877,-7.456652532625439,3.39499647793996
4.205855030831814,-4.420277220141317,-2.7388849940106494,-2.723572252165675,-9.569907047488567,14.144303393820723,-1.263411547751857,12.540341014251634,-2.7934357683987407,14.824761001204047,2.614754131755732,5.142012780877282,4.244734298914706,2.1934388277581838,-2.9073995063424833,-0.0776109132615939,8.739272182731114,4.539706005415541,-6.585150015630166,-5.503236215898402,2.1805587571825447,-10.710322530694212,-4.840854363226289,0.4892159119195288
5.170447970189436,-5.632381887714231,-8.066217868953933,-4.810307760564434,-9.892953228739698,1.7224482520632869,-6.8453289738144685,10.079223409315167,0.20940573395455267,5.162617384724088,-2.9595596398018205,4.018690576846295,-1.0974905040746228,6.14613465942258,-5.409178340434808,-1.3914522723581437,3.4093338814348013,4.298167993879528,-1.6243776741011002,-9.878528768445415,1.9581478104592076,-14.90047416640724,-1.300153806132469,7.054431542218054
5.151858684313051,-7.403525087477142,-4.909637842614253,-7.235198633605373,-9.6890424025164,-5.478836942352312,3.1010043733823744,7.602785115102996,-2.6165748876285755,1.4680365485069027,-3.545384425332486,7.67745433438629,-1.2522184275598633,10.177386701354557,-18.89875922059733,-6.05049425943891,-2.167894205322248,-0.7648467262886764,2.015988759056483,-3.94071639478309,10.696671300563978,-12.196149745325656,-5.284949575545536,3.4655640755125123
-1.9090362409689063,-13.373988274623725,5.941542353156921,-7.900222524242749,-9.584770978093411,-3.8906915633513055,6.175921713284041,5.391628304762744,-5.692201975518047,-0.6733344196441746,7.9897843518699645,9.457806806829389,1.8189845112001684,8.982810228386182,-10.2875907525782,-3.6452115944041354,19.031897117500197,3.7749062211373525,-2.994667254611652,-2.25785520217939,11.73981869612393,-11.376634675320878,-13.416869695837295,-0.9425625234884217
-0.15026515968981757,-6.015932166602285,-2.673395758222732,-7.9409095718676355,-10.238409278376412,-1.2085304084078081,-4.348238203800071,5.143737151197182,-1.6947237384534435,-0.45355872449796836,1.772191404865004,2.655361686958705,3.8921142821993078,7.567643609322509,-2.3260017709658545,-0.9249761907496317,3.907404333576438,4.502854388390561,-6.870408610468619,-6.878552229852706,4.550900617980819,-12.175045241683303,-1.005782782695689,-0.5334701162683708
2.405966176052625,-6.526793120314678,-11.210080106081834,-9.265943332499884,-7.598276937793656,-3.3546672646318383,2.291214476901606,2.5794861163709903,-0.4864837863718124,1.8041181964621225,-0.7037125029443558,0.8396041077343204,4.17959361051685,4.479328739137338,-4.63220220172526,-6.1953172996202985,-7.350414218197514,0.1596700557369374,1.1641503498124657,-7.921741979650777,2.036179235676267,-28.967573418010538,-0.9124707256364356,8.047788423148283
-8.522784334898098,-9.933686988529708,-7.819942077534784,-11.46130694171366,-5.450379008956702,-13.154985857144863,12.269844380787916,-0.20988357456949283,-5.938886849443993,-4.617922796560881,0.3483109814252532,2.7209034213854437,1.4571803959182261,0.9724866115656189,-13.882934513859658,-6.883712285108562,-2.4894344666582278,3.770751977337695,1.4887242405466279,-0.20275084466784335,7.807693169988789,-15.433207602915084,-7.65494673971547,2.8321341699574782
-8.383510536646988,-13.705582404777761,4.253289564810104,-12.203798928206728,-0.3031244220727398,-7.750186368156866,0.45404609957178266,1.7962933228964373,-3.9867502982770726,-11.479947030669482,4.566119889523326,3.3743095466055166,1.2431914616351343,0.6474935611384618,-16.563835034962032,-2.9074981146415584,13.666459845387752,4.220471148837664,-6.232759255270711,-0.6408785630214857,12.551331889999826,-14.283707127793742,-4.3827103918037436,-3.138304473811802
-4.159736209534644,-3.402325879417246,-4.815614225634874,-11.990744119861382,-12.699315794844399,-6.188653718161726,-0.2982627311483366,3.5841910238659302,-2.920496181661825,-2.21481424835728,-1.4592881803273077,0.4695144544651583,3.97272934130616,-5.0637054769960885,-6.147039726675931,-2.4627450414757996,-2.1524729571512053,1.4584628186341715,-6.287130440793696,-5.8477862271638115,0.2363605834765697,-13.925423778492348,2.560225420736428,2.440796506799244
-0.8625203318205916,-4.149580380074135,-11.293490403793356,-11.579782918164971,-8.61115152054968,-7.182032784018576,8.043201450195808,2.237502313061572,-2.152889681155398,0.46154728102755443,-8.452290599085053,-0.20930793550005333,3.74399321617159,-12.37353145682107,-6.70058982410834,-4.8428592166060085,-4.642331966251686,2.8418132212312748,2.266027994755638,-3.6728262454440577,-0.821558386842008,-14.938752872159249,0.4170332824280363,8.744398440477646
-5.199814487785469,-7.9502510129698685,-5.6477562196899065,-11.396037144871043,-5.445247421817538,-5.279396140090783,3.633434680768417,5.0745531641658905,1.8670412342435172,-3.510075211172736,-7.042495451268137,1.1357747787347774,0.394023426241765,-1.1739793250315658,-9.963767403420594,-2.910689126822099,5.289649127812309,4.585424994970255,-1.97067637906208,2.957947972989558,2.778672871528661,-19.620198820153174,-4.478003112732141,1.507083908598292
-6.652512368178386,-5.284833634523041,3.1451920049435715,-11.272569174856542,0.07301659049136802,-2.071264313527756,-1.5923788167472153,10.17209429994927,0.47650387324706955,-1.1218902008376161,0.8200794976700853,1.4905662124453314,-3.0895707470809075,-3.8461534824390124,-13.665698608558532,-1.5907422514584943,11.28509337515771,1.9949605660049996,-10.742730990978938,0.5863612594309828,3.2929533228834944,-17.37779095617949,-0.1984089436648721,-5.55301687600665
-1.618797609860789,0.6788128619891244,-1.0803611922327123,-10.880049347443979,-8.331736576621042,-2.8056024246216578,-0.42434365735170004,8.111353968660227,-1.68386748487111,3.631486208362336,0.11874823060315377,-2.5681083154815147,-0.8504210409690426,-5.616504930675098,-13.065972741213352,-1.8908857885238552,-2.953415815479336,-4.45623130002529,-3.077199514394863,-4.607486979606309,-1.2362007966735624,-11.162550740478865,3.920759394352424,3.418798337394481
3.410041575742575,-0.725716722623239,-8.16317431412961,-10.437247375033301,-6.263179280650678,-4.574022078748929,2.025208102087657,5.755465177134003,-2.0472231059820976,3.788143307322322,-0.522677144341192,-6.570993736961178,-1.6438246116565367,0.9762022726479573,-6.634072359265267,-2.4324895587694892,-0.6022797377397581,3.7551084646427926,2.3110849716100637,-1.3024503787679502,-0.16540836069410225,-6.8678226556753685,0.6862975801578237,8.214963563807729
2.162470565576224,-1.5060084532171354,-6.558453512429158,-10.539499495670885,-3.4150422862358827,-5.422724974338784,-2.199479010766379,6.69026437651023,0.05283636532031715,0.12929136645652056,1.500239465564016,-9.631906064827591,-6.1587488781488,2.856857822634284,-6.011608842254283,-2.3651893559656307,5.797879757376893,1.4036250621341904,-3.611825490696792,4.156208689255465,1.535659707838717,-19.40467139702068,-2.9864651472939014,-2.503088154058262
